iteration,size,maxSteps,attack,time,
1,8,10000,0,3,
2,8,10000,0,2,
3,8,10000,0,2,
4,8,10000,0,0,
5,8,10000,0,1,
6,8,10000,0,1,
7,8,10000,0,1,
8,8,10000,0,1,
9,8,10000,0,0,
10,8,10000,0,0,
11,8,10000,0,0,
12,8,10000,0,0,
13,8,10000,0,1,
14,8,10000,0,1,
15,8,10000,0,0,
16,8,10000,0,0,
17,8,10000,0,0,
18,8,10000,0,1,
19,8,10000,0,0,
20,8,10000,0,0,
21,8,10000,0,1,
22,8,10000,0,1,
23,8,10000,0,0,
24,8,10000,0,0,
25,8,10000,0,0,
26,8,10000,0,1,
27,8,10000,0,0,
28,8,10000,0,0,
29,8,10000,0,0,
30,8,10000,0,0,
31,8,10000,0,0,
32,8,10000,0,0,
33,8,10000,0,1,
34,8,10000,0,0,
35,8,10000,0,0,
36,8,10000,0,0,
37,8,10000,0,0,
38,8,10000,0,0,
39,8,10000,0,0,
40,8,10000,0,1,
41,8,10000,0,0,
42,8,10000,0,0,
43,8,10000,0,0,
44,8,10000,0,0,
45,8,10000,0,0,
46,8,10000,0,0,
47,8,10000,0,1,
48,8,10000,0,0,
49,8,10000,0,0,
50,8,10000,0,0,
51,8,10000,0,1,
52,8,10000,0,0,
53,8,10000,0,0,
54,8,10000,0,0,
55,8,10000,0,0,
56,8,10000,0,0,
57,8,10000,0,0,
58,8,10000,0,0,
59,8,10000,0,1,
60,8,10000,0,0,
61,8,10000,0,0,
62,8,10000,0,0,
63,8,10000,0,0,
64,8,10000,0,0,
65,8,10000,0,0,
66,8,10000,0,1,
67,8,10000,0,0,
68,8,10000,0,0,
69,8,10000,0,0,
70,8,10000,0,0,
71,8,10000,0,1,
72,8,10000,0,0,
73,8,10000,0,0,
74,8,10000,0,0,
75,8,10000,0,0,
76,8,10000,0,0,
77,8,10000,0,0,
78,8,10000,0,1,
79,8,10000,0,0,
80,8,10000,0,0,
81,8,10000,0,1,
82,8,10000,0,0,
83,8,10000,0,0,
84,8,10000,0,0,
85,8,10000,0,0,
86,8,10000,0,0,
87,8,10000,0,1,
88,8,10000,0,0,
89,8,10000,0,0,
90,8,10000,0,0,
91,8,10000,0,0,
92,8,10000,0,0,
93,8,10000,0,0,
94,8,10000,0,1,
95,8,10000,0,0,
96,8,10000,0,0,
97,8,10000,0,0,
98,8,10000,0,1,
99,8,10000,0,0,
100,8,10000,0,0,
101,8,10000,0,0,
102,8,10000,0,1,
103,8,10000,0,0,
104,8,10000,0,0,
105,8,10000,0,1,
106,8,10000,0,0,
107,8,10000,0,0,
108,8,10000,0,0,
109,8,10000,0,0,
110,8,10000,0,0,
111,8,10000,0,0,
112,8,10000,0,0,
113,8,10000,0,0,
114,8,10000,0,0,
115,8,10000,0,0,
116,8,10000,0,1,
117,8,10000,0,0,
118,8,10000,0,0,
119,8,10000,0,0,
120,8,10000,0,1,
121,8,10000,0,0,
122,8,10000,0,0,
123,8,10000,0,0,
124,8,10000,0,0,
125,8,10000,0,0,
126,8,10000,0,1,
127,8,10000,0,0,
128,8,10000,0,0,
129,8,10000,0,0,
130,8,10000,0,0,
131,8,10000,0,1,
132,8,10000,0,0,
133,8,10000,0,0,
134,8,10000,0,0,
135,8,10000,0,1,
136,8,10000,0,0,
137,8,10000,0,0,
138,8,10000,0,1,
139,8,10000,0,0,
140,8,10000,0,0,
141,8,10000,0,0,
142,8,10000,0,0,
143,8,10000,0,0,
144,8,10000,0,1,
145,8,10000,0,0,
146,8,10000,0,0,
147,8,10000,0,0,
148,8,10000,0,0,
149,8,10000,0,0,
150,8,10000,0,0,
151,8,10000,0,0,
152,8,10000,0,0,
153,8,10000,0,1,
154,8,10000,0,0,
155,8,10000,0,0,
156,8,10000,0,0,
157,8,10000,0,0,
158,8,10000,0,0,
159,8,10000,0,0,
160,8,10000,0,0,
161,8,10000,0,0,
162,8,10000,0,0,
163,8,10000,0,0,
164,8,10000,0,0,
165,8,10000,0,0,
166,8,10000,0,1,
167,8,10000,0,0,
168,8,10000,0,0,
169,8,10000,0,0,
170,8,10000,0,1,
171,8,10000,0,0,
172,8,10000,0,0,
173,8,10000,0,0,
174,8,10000,0,0,
175,8,10000,0,0,
176,8,10000,0,0,
177,8,10000,0,0,
178,8,10000,0,0,
179,8,10000,0,0,
180,8,10000,0,0,
181,8,10000,0,1,
182,8,10000,0,0,
183,8,10000,0,0,
184,8,10000,0,0,
185,8,10000,0,0,
186,8,10000,0,0,
187,8,10000,0,0,
188,8,10000,0,0,
189,8,10000,0,1,
190,8,10000,0,0,
191,8,10000,0,0,
192,8,10000,0,0,
193,8,10000,0,0,
194,8,10000,0,0,
195,8,10000,0,0,
196,8,10000,0,1,
197,8,10000,0,0,
198,8,10000,0,0,
199,8,10000,0,0,
200,8,10000,0,0,
201,8,10000,0,0,
202,8,10000,0,0,
203,8,10000,0,1,
204,8,10000,0,0,
205,8,10000,0,0,
206,8,10000,0,0,
207,8,10000,0,0,
208,8,10000,0,0,
209,8,10000,0,0,
210,8,10000,0,0,
211,8,10000,0,0,
212,8,10000,0,0,
213,8,10000,0,0,
214,8,10000,0,1,
215,8,10000,0,0,
216,8,10000,0,0,
217,8,10000,0,1,
218,8,10000,0,0,
219,8,10000,0,0,
220,8,10000,0,0,
221,8,10000,0,0,
222,8,10000,0,1,
223,8,10000,0,1,
224,8,10000,0,0,
225,8,10000,0,0,
226,8,10000,0,0,
227,8,10000,0,0,
228,8,10000,0,1,
229,8,10000,0,0,
230,8,10000,0,0,
231,8,10000,0,1,
232,8,10000,0,0,
233,8,10000,0,1,
234,8,10000,0,0,
235,8,10000,0,1,
236,8,10000,0,0,
237,8,10000,0,1,
238,8,10000,0,0,
239,8,10000,0,0,
240,8,10000,0,1,
241,8,10000,0,0,
242,8,10000,0,0,
243,8,10000,0,0,
244,8,10000,0,1,
245,8,10000,0,0,
246,8,10000,0,0,
247,8,10000,0,0,
248,8,10000,0,1,
249,8,10000,0,0,
250,8,10000,0,0,
251,8,10000,0,0,
252,8,10000,0,0,
253,8,10000,0,1,
254,8,10000,0,0,
255,8,10000,0,0,
256,8,10000,0,0,
257,8,10000,0,0,
258,8,10000,0,0,
259,8,10000,0,0,
260,8,10000,0,0,
261,8,10000,0,0,
262,8,10000,0,0,
263,8,10000,0,0,
264,8,10000,0,2,
265,8,10000,0,0,
266,8,10000,0,0,
267,8,10000,0,0,
268,8,10000,0,0,
269,8,10000,0,0,
270,8,10000,0,0,
271,8,10000,0,0,
272,8,10000,0,0,
273,8,10000,0,1,
274,8,10000,0,0,
275,8,10000,0,0,
276,8,10000,0,0,
277,8,10000,0,1,
278,8,10000,0,0,
279,8,10000,0,1,
280,8,10000,0,0,
281,8,10000,0,0,
282,8,10000,0,0,
283,8,10000,0,0,
284,8,10000,0,0,
285,8,10000,0,0,
286,8,10000,0,0,
287,8,10000,0,0,
288,8,10000,0,0,
289,8,10000,0,1,
290,8,10000,0,0,
291,8,10000,0,0,
292,8,10000,0,0,
293,8,10000,0,0,
294,8,10000,0,0,
295,8,10000,0,0,
296,8,10000,0,0,
297,8,10000,0,1,
298,8,10000,0,0,
299,8,10000,0,0,
300,8,10000,0,0,
301,8,10000,0,0,
302,8,10000,0,0,
303,8,10000,0,0,
304,8,10000,0,0,
305,8,10000,0,1,
306,8,10000,0,0,
307,8,10000,0,0,
308,8,10000,0,0,
309,8,10000,0,0,
310,8,10000,0,0,
311,8,10000,0,1,
312,8,10000,0,0,
313,8,10000,0,0,
314,8,10000,0,0,
315,8,10000,0,0,
316,8,10000,0,0,
317,8,10000,0,0,
318,8,10000,0,0,
319,8,10000,0,1,
320,8,10000,0,0,
321,8,10000,0,0,
322,8,10000,0,0,
323,8,10000,0,1,
324,8,10000,0,0,
325,8,10000,0,0,
326,8,10000,0,1,
327,8,10000,0,0,
328,8,10000,0,0,
329,8,10000,0,0,
330,8,10000,0,0,
331,8,10000,0,0,
332,8,10000,0,0,
333,8,10000,0,1,
334,8,10000,0,0,
335,8,10000,0,0,
336,8,10000,0,0,
337,8,10000,0,0,
338,8,10000,0,0,
339,8,10000,0,1,
340,8,10000,0,0,
341,8,10000,0,0,
342,8,10000,0,1,
343,8,10000,0,0,
344,8,10000,0,0,
345,8,10000,0,0,
346,8,10000,0,0,
347,8,10000,0,1,
348,8,10000,0,0,
349,8,10000,0,0,
350,8,10000,0,0,
351,8,10000,0,1,
352,8,10000,0,0,
353,8,10000,0,0,
354,8,10000,0,1,
355,8,10000,0,0,
356,8,10000,0,0,
357,8,10000,0,0,
358,8,10000,0,0,
359,8,10000,0,1,
360,8,10000,0,0,
361,8,10000,0,0,
362,8,10000,0,1,
363,8,10000,0,0,
364,8,10000,0,0,
365,8,10000,0,0,
366,8,10000,0,0,
367,8,10000,0,1,
368,8,10000,0,0,
369,8,10000,0,0,
370,8,10000,0,1,
371,8,10000,0,0,
372,8,10000,0,0,
373,8,10000,0,0,
374,8,10000,0,1,
375,8,10000,0,0,
376,8,10000,0,0,
377,8,10000,0,0,
378,8,10000,0,0,
379,8,10000,0,0,
380,8,10000,0,0,
381,8,10000,0,0,
382,8,10000,0,0,
383,8,10000,0,1,
384,8,10000,0,0,
385,8,10000,0,0,
386,8,10000,0,0,
387,8,10000,0,1,
388,8,10000,0,0,
389,8,10000,0,1,
390,8,10000,0,0,
391,8,10000,0,0,
392,8,10000,0,0,
393,8,10000,0,0,
394,8,10000,0,0,
395,8,10000,0,1,
396,8,10000,0,0,
397,8,10000,0,0,
398,8,10000,0,0,
399,8,10000,0,0,
400,8,10000,0,0,
1,16,10000,0,1,
2,16,10000,0,2,
3,16,10000,0,1,
4,16,10000,0,1,
5,16,10000,0,1,
6,16,10000,0,0,
7,16,10000,0,0,
8,16,10000,0,1,
9,16,10000,0,0,
10,16,10000,0,1,
11,16,10000,0,1,
12,16,10000,0,0,
13,16,10000,0,2,
14,16,10000,0,0,
15,16,10000,0,0,
16,16,10000,0,1,
17,16,10000,0,1,
18,16,10000,0,0,
19,16,10000,0,2,
20,16,10000,0,0,
21,16,10000,0,1,
22,16,10000,0,1,
23,16,10000,0,0,
24,16,10000,0,1,
25,16,10000,0,1,
26,16,10000,0,1,
27,16,10000,0,0,
28,16,10000,0,1,
29,16,10000,0,1,
30,16,10000,0,0,
31,16,10000,0,2,
32,16,10000,0,1,
33,16,10000,0,0,
34,16,10000,0,2,
35,16,10000,0,1,
36,16,10000,0,1,
37,16,10000,0,0,
38,16,10000,0,1,
39,16,10000,0,0,
40,16,10000,0,1,
41,16,10000,0,1,
42,16,10000,0,1,
43,16,10000,0,0,
44,16,10000,0,1,
45,16,10000,0,1,
46,16,10000,0,0,
47,16,10000,0,1,
48,16,10000,0,1,
49,16,10000,0,1,
50,16,10000,0,1,
51,16,10000,0,1,
52,16,10000,0,1,
53,16,10000,0,0,
54,16,10000,0,1,
55,16,10000,0,4,
56,16,10000,0,0,
57,16,10000,0,2,
58,16,10000,0,0,
59,16,10000,0,1,
60,16,10000,0,0,
61,16,10000,0,0,
62,16,10000,0,1,
63,16,10000,0,1,
64,16,10000,0,0,
65,16,10000,0,1,
66,16,10000,0,0,
67,16,10000,0,1,
68,16,10000,0,1,
69,16,10000,0,0,
70,16,10000,0,0,
71,16,10000,0,1,
72,16,10000,0,1,
73,16,10000,0,0,
74,16,10000,0,0,
75,16,10000,0,1,
76,16,10000,0,1,
77,16,10000,0,0,
78,16,10000,0,1,
79,16,10000,0,0,
80,16,10000,0,0,
81,16,10000,0,1,
82,16,10000,0,0,
83,16,10000,0,1,
84,16,10000,0,0,
85,16,10000,0,1,
86,16,10000,0,1,
87,16,10000,0,0,
88,16,10000,0,0,
89,16,10000,0,1,
90,16,10000,0,0,
91,16,10000,0,1,
92,16,10000,0,0,
93,16,10000,0,1,
94,16,10000,0,1,
95,16,10000,0,0,
96,16,10000,0,0,
97,16,10000,0,1,
98,16,10000,0,0,
99,16,10000,0,2,
100,16,10000,0,0,
101,16,10000,0,1,
102,16,10000,0,0,
103,16,10000,0,1,
104,16,10000,0,0,
105,16,10000,0,1,
106,16,10000,0,0,
107,16,10000,0,1,
108,16,10000,0,0,
109,16,10000,0,1,
110,16,10000,0,1,
111,16,10000,0,1,
112,16,10000,0,1,
113,16,10000,0,0,
114,16,10000,0,1,
115,16,10000,0,0,
116,16,10000,0,1,
117,16,10000,0,0,
118,16,10000,0,0,
119,16,10000,0,1,
120,16,10000,0,0,
121,16,10000,0,0,
122,16,10000,0,1,
123,16,10000,0,0,
124,16,10000,0,0,
125,16,10000,0,1,
126,16,10000,0,0,
127,16,10000,0,0,
128,16,10000,0,0,
129,16,10000,0,1,
130,16,10000,0,1,
131,16,10000,0,0,
132,16,10000,0,1,
133,16,10000,0,1,
134,16,10000,0,0,
135,16,10000,0,1,
136,16,10000,0,0,
137,16,10000,0,1,
138,16,10000,0,0,
139,16,10000,0,1,
140,16,10000,0,1,
141,16,10000,0,0,
142,16,10000,0,1,
143,16,10000,0,0,
144,16,10000,0,1,
145,16,10000,0,0,
146,16,10000,0,1,
147,16,10000,0,0,
148,16,10000,0,1,
149,16,10000,0,0,
150,16,10000,0,0,
151,16,10000,0,1,
152,16,10000,0,1,
153,16,10000,0,0,
154,16,10000,0,1,
155,16,10000,0,0,
156,16,10000,0,1,
157,16,10000,0,0,
158,16,10000,0,1,
159,16,10000,0,0,
160,16,10000,0,2,
161,16,10000,0,0,
162,16,10000,0,0,
163,16,10000,0,1,
164,16,10000,0,0,
165,16,10000,0,1,
166,16,10000,0,0,
167,16,10000,0,0,
168,16,10000,0,1,
169,16,10000,0,1,
170,16,10000,0,0,
171,16,10000,0,1,
172,16,10000,0,0,
173,16,10000,0,1,
174,16,10000,0,1,
175,16,10000,0,1,
176,16,10000,0,1,
177,16,10000,0,0,
178,16,10000,0,1,
179,16,10000,0,0,
180,16,10000,0,1,
181,16,10000,0,0,
182,16,10000,0,1,
183,16,10000,0,0,
184,16,10000,0,1,
185,16,10000,0,0,
186,16,10000,0,2,
187,16,10000,0,0,
188,16,10000,0,1,
189,16,10000,0,0,
190,16,10000,0,0,
191,16,10000,0,1,
192,16,10000,0,0,
193,16,10000,0,1,
194,16,10000,0,3,
195,16,10000,0,2,
196,16,10000,0,0,
197,16,10000,0,1,
198,16,10000,0,0,
199,16,10000,0,1,
200,16,10000,0,0,
201,16,10000,0,0,
202,16,10000,0,1,
203,16,10000,0,0,
204,16,10000,0,0,
205,16,10000,0,1,
206,16,10000,0,0,
207,16,10000,0,0,
208,16,10000,0,1,
209,16,10000,0,0,
210,16,10000,0,0,
211,16,10000,0,1,
212,16,10000,0,0,
213,16,10000,0,0,
214,16,10000,0,2,
215,16,10000,0,1,
216,16,10000,0,0,
217,16,10000,0,1,
218,16,10000,0,1,
219,16,10000,0,0,
220,16,10000,0,0,
221,16,10000,0,1,
222,16,10000,0,1,
223,16,10000,0,0,
224,16,10000,0,1,
225,16,10000,0,0,
226,16,10000,0,1,
227,16,10000,0,0,
228,16,10000,0,0,
229,16,10000,0,1,
230,16,10000,0,0,
231,16,10000,0,1,
232,16,10000,0,0,
233,16,10000,0,1,
234,16,10000,0,1,
235,16,10000,0,0,
236,16,10000,0,1,
237,16,10000,0,1,
238,16,10000,0,2,
239,16,10000,0,0,
240,16,10000,0,1,
241,16,10000,0,0,
242,16,10000,0,1,
243,16,10000,0,1,
244,16,10000,0,1,
245,16,10000,0,0,
246,16,10000,0,0,
247,16,10000,0,1,
248,16,10000,0,1,
249,16,10000,0,1,
250,16,10000,0,1,
251,16,10000,0,1,
252,16,10000,0,0,
253,16,10000,0,1,
254,16,10000,0,0,
255,16,10000,0,1,
256,16,10000,0,0,
257,16,10000,0,0,
258,16,10000,0,0,
259,16,10000,0,1,
260,16,10000,0,0,
261,16,10000,0,1,
262,16,10000,0,0,
263,16,10000,0,0,
264,16,10000,0,0,
265,16,10000,0,1,
266,16,10000,0,1,
267,16,10000,0,1,
268,16,10000,0,0,
269,16,10000,0,1,
270,16,10000,0,1,
271,16,10000,0,0,
272,16,10000,0,0,
273,16,10000,0,1,
274,16,10000,0,1,
275,16,10000,0,0,
276,16,10000,0,1,
277,16,10000,0,2,
278,16,10000,0,0,
279,16,10000,0,1,
280,16,10000,0,0,
281,16,10000,0,0,
282,16,10000,0,0,
283,16,10000,0,1,
284,16,10000,0,1,
285,16,10000,0,0,
286,16,10000,0,0,
287,16,10000,0,1,
288,16,10000,0,0,
289,16,10000,0,0,
290,16,10000,0,1,
291,16,10000,0,0,
292,16,10000,0,0,
293,16,10000,0,1,
294,16,10000,0,1,
295,16,10000,0,0,
296,16,10000,0,2,
297,16,10000,0,0,
298,16,10000,0,1,
299,16,10000,0,1,
300,16,10000,0,1,
301,16,10000,0,0,
302,16,10000,0,0,
303,16,10000,0,2,
304,16,10000,0,0,
305,16,10000,0,0,
306,16,10000,0,2,
307,16,10000,0,0,
308,16,10000,0,1,
309,16,10000,0,0,
310,16,10000,0,0,
311,16,10000,0,1,
312,16,10000,0,0,
313,16,10000,0,1,
314,16,10000,0,1,
315,16,10000,0,0,
316,16,10000,0,1,
317,16,10000,0,1,
318,16,10000,0,0,
319,16,10000,0,1,
320,16,10000,0,1,
321,16,10000,0,0,
322,16,10000,0,0,
323,16,10000,0,1,
324,16,10000,0,1,
325,16,10000,0,0,
326,16,10000,0,0,
327,16,10000,0,1,
328,16,10000,0,0,
329,16,10000,0,1,
330,16,10000,0,0,
331,16,10000,0,1,
332,16,10000,0,0,
333,16,10000,0,1,
334,16,10000,0,0,
335,16,10000,0,1,
336,16,10000,0,0,
337,16,10000,0,3,
338,16,10000,0,0,
339,16,10000,0,0,
340,16,10000,0,1,
341,16,10000,0,0,
342,16,10000,0,0,
343,16,10000,0,1,
344,16,10000,0,0,
345,16,10000,0,1,
346,16,10000,0,0,
347,16,10000,0,1,
348,16,10000,0,0,
349,16,10000,0,0,
350,16,10000,0,0,
351,16,10000,0,1,
352,16,10000,0,0,
353,16,10000,0,1,
354,16,10000,0,0,
355,16,10000,0,1,
356,16,10000,0,1,
357,16,10000,0,0,
358,16,10000,0,0,
359,16,10000,0,1,
360,16,10000,0,1,
361,16,10000,0,0,
362,16,10000,0,1,
363,16,10000,0,1,
364,16,10000,0,0,
365,16,10000,0,1,
366,16,10000,0,0,
367,16,10000,0,0,
368,16,10000,0,2,
369,16,10000,0,0,
370,16,10000,0,0,
371,16,10000,0,1,
372,16,10000,0,1,
373,16,10000,0,2,
374,16,10000,0,0,
375,16,10000,0,1,
376,16,10000,0,1,
377,16,10000,0,1,
378,16,10000,0,1,
379,16,10000,0,0,
380,16,10000,0,0,
381,16,10000,0,1,
382,16,10000,0,0,
383,16,10000,0,1,
384,16,10000,0,0,
385,16,10000,0,1,
386,16,10000,0,0,
387,16,10000,0,1,
388,16,10000,0,0,
389,16,10000,0,1,
390,16,10000,0,1,
391,16,10000,0,0,
392,16,10000,0,1,
393,16,10000,0,0,
394,16,10000,0,1,
395,16,10000,0,0,
396,16,10000,0,1,
397,16,10000,0,1,
398,16,10000,0,1,
399,16,10000,0,0,
400,16,10000,0,1,
1,25,10000,0,3,
2,25,10000,0,1,
3,25,10000,0,2,
4,25,10000,0,1,
5,25,10000,0,1,
6,25,10000,0,2,
7,25,10000,0,2,
8,25,10000,0,2,
9,25,10000,0,1,
10,25,10000,0,2,
11,25,10000,0,2,
12,25,10000,0,2,
13,25,10000,0,2,
14,25,10000,0,1,
15,25,10000,0,3,
16,25,10000,0,2,
17,25,10000,0,4,
18,25,10000,0,0,
19,25,10000,0,1,
20,25,10000,0,1,
21,25,10000,0,1,
22,25,10000,0,1,
23,25,10000,0,0,
24,25,10000,0,2,
25,25,10000,0,3,
26,25,10000,0,1,
27,25,10000,0,1,
28,25,10000,0,1,
29,25,10000,0,2,
30,25,10000,0,1,
31,25,10000,0,2,
32,25,10000,0,2,
33,25,10000,0,1,
34,25,10000,0,1,
35,25,10000,0,1,
36,25,10000,0,2,
37,25,10000,0,1,
38,25,10000,0,2,
39,25,10000,0,1,
40,25,10000,0,2,
41,25,10000,0,1,
42,25,10000,0,2,
43,25,10000,0,1,
44,25,10000,0,2,
45,25,10000,0,3,
46,25,10000,0,1,
47,25,10000,0,2,
48,25,10000,0,2,
49,25,10000,0,2,
50,25,10000,0,2,
51,25,10000,0,2,
52,25,10000,0,3,
53,25,10000,0,3,
54,25,10000,0,2,
55,25,10000,0,2,
56,25,10000,0,2,
57,25,10000,0,1,
58,25,10000,0,2,
59,25,10000,0,1,
60,25,10000,0,1,
61,25,10000,0,2,
62,25,10000,0,1,
63,25,10000,0,1,
64,25,10000,0,2,
65,25,10000,0,2,
66,25,10000,0,2,
67,25,10000,0,4,
68,25,10000,0,5,
69,25,10000,0,2,
70,25,10000,0,1,
71,25,10000,0,5,
72,25,10000,0,3,
73,25,10000,0,0,
74,25,10000,0,2,
75,25,10000,0,1,
76,25,10000,0,3,
77,25,10000,0,3,
78,25,10000,0,6,
79,25,10000,0,2,
80,25,10000,0,2,
81,25,10000,0,3,
82,25,10000,0,4,
83,25,10000,0,3,
84,25,10000,0,1,
85,25,10000,0,2,
86,25,10000,0,2,
87,25,10000,0,2,
88,25,10000,0,2,
89,25,10000,0,2,
90,25,10000,0,2,
91,25,10000,0,1,
92,25,10000,0,2,
93,25,10000,0,4,
94,25,10000,0,4,
95,25,10000,0,3,
96,25,10000,0,3,
97,25,10000,0,1,
98,25,10000,0,4,
99,25,10000,0,2,
100,25,10000,0,2,
101,25,10000,0,3,
102,25,10000,0,3,
103,25,10000,0,3,
104,25,10000,0,3,
105,25,10000,0,3,
106,25,10000,0,5,
107,25,10000,0,1,
108,25,10000,0,1,
109,25,10000,0,1,
110,25,10000,0,2,
111,25,10000,0,0,
112,25,10000,0,2,
113,25,10000,0,1,
114,25,10000,0,2,
115,25,10000,0,2,
116,25,10000,0,3,
117,25,10000,0,1,
118,25,10000,0,1,
119,25,10000,0,2,
120,25,10000,0,1,
121,25,10000,0,1,
122,25,10000,0,2,
123,25,10000,0,1,
124,25,10000,0,2,
125,25,10000,0,1,
126,25,10000,0,2,
127,25,10000,0,1,
128,25,10000,0,1,
129,25,10000,0,1,
130,25,10000,0,3,
131,25,10000,0,1,
132,25,10000,0,2,
133,25,10000,0,1,
134,25,10000,0,2,
135,25,10000,0,1,
136,25,10000,0,2,
137,25,10000,0,2,
138,25,10000,0,2,
139,25,10000,0,2,
140,25,10000,0,2,
141,25,10000,0,3,
142,25,10000,0,2,
143,25,10000,0,3,
144,25,10000,0,0,
145,25,10000,0,3,
146,25,10000,0,3,
147,25,10000,0,1,
148,25,10000,0,0,
149,25,10000,0,1,
150,25,10000,0,1,
151,25,10000,0,1,
152,25,10000,0,1,
153,25,10000,0,2,
154,25,10000,0,2,
155,25,10000,0,2,
156,25,10000,0,1,
157,25,10000,0,3,
158,25,10000,0,1,
159,25,10000,0,2,
160,25,10000,0,1,
161,25,10000,0,2,
162,25,10000,0,1,
163,25,10000,0,2,
164,25,10000,0,2,
165,25,10000,0,2,
166,25,10000,0,3,
167,25,10000,0,1,
168,25,10000,0,1,
169,25,10000,0,2,
170,25,10000,0,3,
171,25,10000,0,1,
172,25,10000,0,1,
173,25,10000,0,2,
174,25,10000,0,1,
175,25,10000,0,2,
176,25,10000,0,1,
177,25,10000,0,2,
178,25,10000,0,1,
179,25,10000,0,4,
180,25,10000,0,2,
181,25,10000,0,3,
182,25,10000,0,0,
183,25,10000,0,2,
184,25,10000,0,2,
185,25,10000,0,1,
186,25,10000,0,1,
187,25,10000,0,2,
188,25,10000,0,2,
189,25,10000,0,2,
190,25,10000,0,2,
191,25,10000,0,2,
192,25,10000,0,3,
193,25,10000,0,2,
194,25,10000,0,1,
195,25,10000,0,2,
196,25,10000,0,5,
197,25,10000,0,1,
198,25,10000,0,1,
199,25,10000,0,3,
200,25,10000,0,1,
201,25,10000,0,1,
202,25,10000,0,2,
203,25,10000,0,2,
204,25,10000,0,1,
205,25,10000,0,1,
206,25,10000,0,1,
207,25,10000,0,1,
208,25,10000,0,1,
209,25,10000,0,2,
210,25,10000,0,3,
211,25,10000,0,1,
212,25,10000,0,1,
213,25,10000,0,2,
214,25,10000,0,1,
215,25,10000,0,1,
216,25,10000,0,1,
217,25,10000,0,2,
218,25,10000,0,2,
219,25,10000,0,1,
220,25,10000,0,2,
221,25,10000,0,1,
222,25,10000,0,2,
223,25,10000,0,0,
224,25,10000,0,1,
225,25,10000,0,0,
226,25,10000,0,1,
227,25,10000,0,3,
228,25,10000,0,2,
229,25,10000,0,2,
230,25,10000,0,1,
231,25,10000,0,1,
232,25,10000,0,2,
233,25,10000,0,2,
234,25,10000,0,2,
235,25,10000,0,1,
236,25,10000,0,2,
237,25,10000,0,1,
238,25,10000,0,2,
239,25,10000,0,1,
240,25,10000,0,2,
241,25,10000,0,1,
242,25,10000,0,2,
243,25,10000,0,1,
244,25,10000,0,3,
245,25,10000,0,1,
246,25,10000,0,3,
247,25,10000,0,1,
248,25,10000,0,2,
249,25,10000,0,2,
250,25,10000,0,1,
251,25,10000,0,1,
252,25,10000,0,3,
253,25,10000,0,2,
254,25,10000,0,2,
255,25,10000,0,2,
256,25,10000,0,1,
257,25,10000,0,2,
258,25,10000,0,1,
259,25,10000,0,2,
260,25,10000,0,1,
261,25,10000,0,4,
262,25,10000,0,2,
263,25,10000,0,3,
264,25,10000,0,1,
265,25,10000,0,2,
266,25,10000,0,1,
267,25,10000,0,1,
268,25,10000,0,1,
269,25,10000,0,2,
270,25,10000,0,2,
271,25,10000,0,1,
272,25,10000,0,3,
273,25,10000,0,2,
274,25,10000,0,1,
275,25,10000,0,3,
276,25,10000,0,0,
277,25,10000,0,1,
278,25,10000,0,1,
279,25,10000,0,3,
280,25,10000,0,1,
281,25,10000,0,0,
282,25,10000,0,3,
283,25,10000,0,1,
284,25,10000,0,1,
285,25,10000,0,4,
286,25,10000,0,1,
287,25,10000,0,3,
288,25,10000,0,1,
289,25,10000,0,5,
290,25,10000,0,5,
291,25,10000,0,2,
292,25,10000,0,5,
293,25,10000,0,2,
294,25,10000,0,3,
295,25,10000,0,2,
296,25,10000,0,3,
297,25,10000,0,2,
298,25,10000,0,1,
299,25,10000,0,3,
300,25,10000,0,8,
301,25,10000,0,0,
302,25,10000,0,2,
303,25,10000,0,6,
304,25,10000,0,2,
305,25,10000,0,6,
306,25,10000,0,4,
307,25,10000,0,2,
308,25,10000,0,2,
309,25,10000,0,1,
310,25,10000,0,2,
311,25,10000,0,2,
312,25,10000,0,4,
313,25,10000,0,1,
314,25,10000,0,2,
315,25,10000,0,3,
316,25,10000,0,2,
317,25,10000,0,7,
318,25,10000,0,2,
319,25,10000,0,2,
320,25,10000,0,3,
321,25,10000,0,2,
322,25,10000,0,2,
323,25,10000,0,4,
324,25,10000,0,3,
325,25,10000,0,4,
326,25,10000,0,2,
327,25,10000,0,1,
328,25,10000,0,2,
329,25,10000,0,3,
330,25,10000,0,2,
331,25,10000,0,4,
332,25,10000,0,2,
333,25,10000,0,3,
334,25,10000,0,1,
335,25,10000,0,3,
336,25,10000,0,4,
337,25,10000,0,2,
338,25,10000,0,1,
339,25,10000,0,3,
340,25,10000,0,3,
341,25,10000,0,3,
342,25,10000,0,4,
343,25,10000,0,3,
344,25,10000,0,4,
345,25,10000,0,1,
346,25,10000,0,2,
347,25,10000,0,1,
348,25,10000,0,3,
349,25,10000,0,4,
350,25,10000,0,3,
351,25,10000,0,2,
352,25,10000,0,2,
353,25,10000,0,1,
354,25,10000,0,3,
355,25,10000,0,1,
356,25,10000,0,2,
357,25,10000,0,3,
358,25,10000,0,2,
359,25,10000,0,3,
360,25,10000,0,3,
361,25,10000,0,4,
362,25,10000,0,3,
363,25,10000,0,2,
364,25,10000,0,6,
365,25,10000,0,1,
366,25,10000,0,1,
367,25,10000,0,2,
368,25,10000,0,1,
369,25,10000,0,2,
370,25,10000,0,1,
371,25,10000,0,2,
372,25,10000,0,4,
373,25,10000,0,1,
374,25,10000,0,2,
375,25,10000,0,1,
376,25,10000,0,1,
377,25,10000,0,1,
378,25,10000,0,2,
379,25,10000,0,1,
380,25,10000,0,1,
381,25,10000,0,2,
382,25,10000,0,2,
383,25,10000,0,2,
384,25,10000,0,2,
385,25,10000,0,2,
386,25,10000,0,1,
387,25,10000,0,2,
388,25,10000,0,2,
389,25,10000,0,1,
390,25,10000,0,2,
391,25,10000,0,2,
392,25,10000,0,1,
393,25,10000,0,1,
394,25,10000,0,1,
395,25,10000,0,2,
396,25,10000,0,1,
397,25,10000,0,1,
398,25,10000,0,2,
399,25,10000,0,3,
400,25,10000,0,1,
1,50,10000,0,16,
2,50,10000,0,10,
3,50,10000,0,6,
4,50,10000,0,12,
5,50,10000,0,21,
6,50,10000,0,13,
7,50,10000,0,14,
8,50,10000,0,25,
9,50,10000,0,14,
10,50,10000,0,14,
11,50,10000,0,18,
12,50,10000,0,13,
13,50,10000,0,15,
14,50,10000,0,11,
15,50,10000,0,15,
16,50,10000,0,15,
17,50,10000,0,25,
18,50,10000,0,20,
19,50,10000,0,25,
20,50,10000,0,11,
21,50,10000,0,20,
22,50,10000,0,12,
23,50,10000,0,15,
24,50,10000,0,15,
25,50,10000,0,13,
26,50,10000,0,15,
27,50,10000,0,17,
28,50,10000,0,7,
29,50,10000,0,20,
30,50,10000,0,11,
31,50,10000,0,11,
32,50,10000,0,15,
33,50,10000,0,10,
34,50,10000,0,20,
35,50,10000,0,17,
36,50,10000,0,12,
37,50,10000,0,8,
38,50,10000,0,20,
39,50,10000,0,24,
40,50,10000,0,37,
41,50,10000,0,20,
42,50,10000,0,7,
43,50,10000,0,19,
44,50,10000,0,14,
45,50,10000,0,15,
46,50,10000,0,9,
47,50,10000,0,11,
48,50,10000,0,10,
49,50,10000,0,25,
50,50,10000,0,7,
51,50,10000,0,25,
52,50,10000,0,12,
53,50,10000,0,9,
54,50,10000,0,7,
55,50,10000,0,8,
56,50,10000,0,12,
57,50,10000,0,15,
58,50,10000,0,15,
59,50,10000,0,15,
60,50,10000,0,13,
61,50,10000,0,11,
62,50,10000,0,11,
63,50,10000,0,10,
64,50,10000,0,12,
65,50,10000,0,11,
66,50,10000,0,16,
67,50,10000,0,10,
68,50,10000,0,20,
69,50,10000,0,13,
70,50,10000,0,13,
71,50,10000,0,11,
72,50,10000,0,8,
73,50,10000,0,9,
74,50,10000,0,11,
75,50,10000,0,16,
76,50,10000,0,14,
77,50,10000,0,14,
78,50,10000,0,8,
79,50,10000,0,11,
80,50,10000,0,19,
81,50,10000,0,18,
82,50,10000,0,14,
83,50,10000,0,9,
84,50,10000,0,17,
85,50,10000,0,9,
86,50,10000,0,10,
87,50,10000,0,15,
88,50,10000,0,16,
89,50,10000,0,16,
90,50,10000,0,18,
91,50,10000,0,13,
92,50,10000,0,11,
93,50,10000,0,18,
94,50,10000,0,11,
95,50,10000,0,12,
96,50,10000,0,17,
97,50,10000,0,9,
98,50,10000,0,10,
99,50,10000,0,14,
100,50,10000,0,10,
101,50,10000,0,17,
102,50,10000,0,11,
103,50,10000,0,11,
104,50,10000,0,10,
105,50,10000,0,14,
106,50,10000,0,16,
107,50,10000,0,14,
108,50,10000,0,15,
109,50,10000,0,8,
110,50,10000,0,13,
111,50,10000,0,12,
112,50,10000,0,12,
113,50,10000,0,11,
114,50,10000,0,13,
115,50,10000,0,11,
116,50,10000,0,10,
117,50,10000,0,17,
118,50,10000,0,13,
119,50,10000,0,14,
120,50,10000,0,11,
121,50,10000,0,11,
122,50,10000,0,14,
123,50,10000,0,11,
124,50,10000,0,14,
125,50,10000,0,7,
126,50,10000,0,8,
127,50,10000,0,7,
128,50,10000,0,13,
129,50,10000,0,10,
130,50,10000,0,9,
131,50,10000,0,10,
132,50,10000,0,19,
133,50,10000,0,12,
134,50,10000,0,11,
135,50,10000,0,9,
136,50,10000,0,12,
137,50,10000,0,12,
138,50,10000,0,10,
139,50,10000,0,12,
140,50,10000,0,13,
141,50,10000,0,15,
142,50,10000,0,9,
143,50,10000,0,19,
144,50,10000,0,14,
145,50,10000,0,16,
146,50,10000,0,17,
147,50,10000,0,13,
148,50,10000,0,14,
149,50,10000,0,17,
150,50,10000,0,21,
151,50,10000,0,13,
152,50,10000,0,19,
153,50,10000,0,18,
154,50,10000,0,14,
155,50,10000,0,10,
156,50,10000,0,14,
157,50,10000,0,11,
158,50,10000,0,12,
159,50,10000,0,20,
160,50,10000,0,9,
161,50,10000,0,14,
162,50,10000,0,8,
163,50,10000,0,11,
164,50,10000,0,16,
165,50,10000,0,14,
166,50,10000,0,10,
167,50,10000,0,17,
168,50,10000,0,18,
169,50,10000,0,8,
170,50,10000,0,11,
171,50,10000,0,15,
172,50,10000,0,22,
173,50,10000,0,14,
174,50,10000,0,15,
175,50,10000,0,13,
176,50,10000,0,18,
177,50,10000,0,12,
178,50,10000,0,14,
179,50,10000,0,17,
180,50,10000,0,19,
181,50,10000,0,21,
182,50,10000,0,22,
183,50,10000,0,26,
184,50,10000,0,15,
185,50,10000,0,24,
186,50,10000,0,15,
187,50,10000,0,17,
188,50,10000,0,8,
189,50,10000,0,12,
190,50,10000,0,13,
191,50,10000,0,17,
192,50,10000,0,16,
193,50,10000,0,11,
194,50,10000,0,17,
195,50,10000,0,21,
196,50,10000,0,15,
197,50,10000,0,10,
198,50,10000,0,15,
199,50,10000,0,7,
200,50,10000,0,9,
201,50,10000,0,8,
202,50,10000,0,13,
203,50,10000,0,13,
204,50,10000,0,9,
205,50,10000,0,7,
206,50,10000,0,11,
207,50,10000,0,10,
208,50,10000,0,19,
209,50,10000,0,12,
210,50,10000,0,10,
211,50,10000,0,8,
212,50,10000,0,15,
213,50,10000,0,11,
214,50,10000,0,12,
215,50,10000,0,11,
216,50,10000,0,13,
217,50,10000,0,13,
218,50,10000,0,11,
219,50,10000,0,15,
220,50,10000,0,21,
221,50,10000,0,18,
222,50,10000,0,25,
223,50,10000,0,10,
224,50,10000,0,10,
225,50,10000,0,17,
226,50,10000,0,11,
227,50,10000,0,10,
228,50,10000,0,9,
229,50,10000,0,16,
230,50,10000,0,7,
231,50,10000,0,12,
232,50,10000,0,20,
233,50,10000,0,10,
234,50,10000,0,14,
235,50,10000,0,12,
236,50,10000,0,13,
237,50,10000,0,12,
238,50,10000,0,12,
239,50,10000,0,25,
240,50,10000,0,14,
241,50,10000,0,18,
242,50,10000,0,12,
243,50,10000,0,15,
244,50,10000,0,12,
245,50,10000,0,8,
246,50,10000,0,11,
247,50,10000,0,13,
248,50,10000,0,27,
249,50,10000,0,18,
250,50,10000,0,13,
251,50,10000,0,12,
252,50,10000,0,10,
253,50,10000,0,17,
254,50,10000,0,14,
255,50,10000,0,16,
256,50,10000,0,13,
257,50,10000,0,13,
258,50,10000,0,10,
259,50,10000,0,19,
260,50,10000,0,19,
261,50,10000,0,10,
262,50,10000,0,12,
263,50,10000,0,19,
264,50,10000,0,19,
265,50,10000,0,18,
266,50,10000,0,15,
267,50,10000,0,11,
268,50,10000,0,12,
269,50,10000,0,14,
270,50,10000,0,14,
271,50,10000,0,11,
272,50,10000,0,9,
273,50,10000,0,18,
274,50,10000,0,11,
275,50,10000,0,11,
276,50,10000,0,23,
277,50,10000,0,15,
278,50,10000,0,16,
279,50,10000,0,8,
280,50,10000,0,9,
281,50,10000,0,10,
282,50,10000,0,9,
283,50,10000,0,17,
284,50,10000,0,14,
285,50,10000,0,13,
286,50,10000,0,10,
287,50,10000,0,12,
288,50,10000,0,7,
289,50,10000,0,10,
290,50,10000,0,12,
291,50,10000,0,8,
292,50,10000,0,12,
293,50,10000,0,13,
294,50,10000,0,13,
295,50,10000,0,14,
296,50,10000,0,17,
297,50,10000,0,24,
298,50,10000,0,18,
299,50,10000,0,5,
300,50,10000,0,13,
301,50,10000,0,11,
302,50,10000,0,17,
303,50,10000,0,9,
304,50,10000,0,19,
305,50,10000,0,11,
306,50,10000,0,10,
307,50,10000,0,15,
308,50,10000,0,13,
309,50,10000,0,11,
310,50,10000,0,11,
311,50,10000,0,15,
312,50,10000,0,18,
313,50,10000,0,18,
314,50,10000,0,9,
315,50,10000,0,13,
316,50,10000,0,14,
317,50,10000,0,11,
318,50,10000,0,11,
319,50,10000,0,13,
320,50,10000,0,8,
321,50,10000,0,11,
322,50,10000,0,7,
323,50,10000,0,17,
324,50,10000,0,10,
325,50,10000,0,12,
326,50,10000,0,14,
327,50,10000,0,12,
328,50,10000,0,18,
329,50,10000,0,15,
330,50,10000,0,10,
331,50,10000,0,10,
332,50,10000,0,17,
333,50,10000,0,9,
334,50,10000,0,12,
335,50,10000,0,11,
336,50,10000,0,14,
337,50,10000,0,7,
338,50,10000,0,11,
339,50,10000,0,18,
340,50,10000,0,9,
341,50,10000,0,15,
342,50,10000,0,11,
343,50,10000,0,18,
344,50,10000,0,18,
345,50,10000,0,11,
346,50,10000,0,24,
347,50,10000,0,13,
348,50,10000,0,22,
349,50,10000,0,17,
350,50,10000,0,20,
351,50,10000,0,12,
352,50,10000,0,22,
353,50,10000,0,6,
354,50,10000,0,13,
355,50,10000,0,15,
356,50,10000,0,15,
357,50,10000,0,10,
358,50,10000,0,5,
359,50,10000,0,10,
360,50,10000,0,9,
361,50,10000,0,8,
362,50,10000,0,23,
363,50,10000,0,15,
364,50,10000,0,12,
365,50,10000,0,17,
366,50,10000,0,12,
367,50,10000,0,15,
368,50,10000,0,12,
369,50,10000,0,19,
370,50,10000,0,14,
371,50,10000,0,21,
372,50,10000,0,12,
373,50,10000,0,13,
374,50,10000,0,12,
375,50,10000,0,15,
376,50,10000,0,13,
377,50,10000,0,17,
378,50,10000,0,9,
379,50,10000,0,10,
380,50,10000,0,11,
381,50,10000,0,12,
382,50,10000,0,11,
383,50,10000,0,13,
384,50,10000,0,7,
385,50,10000,0,10,
386,50,10000,0,17,
387,50,10000,0,24,
388,50,10000,0,18,
389,50,10000,0,7,
390,50,10000,0,15,
391,50,10000,0,10,
392,50,10000,0,18,
393,50,10000,0,8,
394,50,10000,0,12,
395,50,10000,0,16,
396,50,10000,0,14,
397,50,10000,0,8,
398,50,10000,0,18,
399,50,10000,0,14,
400,50,10000,0,17,
1,60,10000,0,24,
2,60,10000,0,25,
3,60,10000,0,24,
4,60,10000,0,38,
5,60,10000,0,17,
6,60,10000,0,58,
7,60,10000,0,23,
8,60,10000,0,35,
9,60,10000,0,36,
10,60,10000,0,49,
11,60,10000,0,23,
12,60,10000,0,25,
13,60,10000,0,35,
14,60,10000,0,33,
15,60,10000,0,27,
16,60,10000,0,23,
17,60,10000,0,30,
18,60,10000,0,33,
19,60,10000,0,39,
20,60,10000,0,32,
21,60,10000,0,36,
22,60,10000,0,33,
23,60,10000,0,46,
24,60,10000,0,17,
25,60,10000,0,25,
26,60,10000,0,22,
27,60,10000,0,24,
28,60,10000,0,42,
29,60,10000,0,28,
30,60,10000,0,28,
31,60,10000,0,33,
32,60,10000,0,20,
33,60,10000,0,29,
34,60,10000,0,27,
35,60,10000,0,36,
36,60,10000,0,17,
37,60,10000,0,23,
38,60,10000,0,27,
39,60,10000,0,30,
40,60,10000,0,23,
41,60,10000,0,13,
42,60,10000,0,23,
43,60,10000,0,20,
44,60,10000,0,28,
45,60,10000,0,21,
46,60,10000,0,24,
47,60,10000,0,22,
48,60,10000,0,18,
49,60,10000,0,29,
50,60,10000,0,25,
51,60,10000,0,19,
52,60,10000,0,26,
53,60,10000,0,20,
54,60,10000,0,34,
55,60,10000,0,39,
56,60,10000,0,47,
57,60,10000,0,24,
58,60,10000,0,26,
59,60,10000,0,27,
60,60,10000,0,23,
61,60,10000,0,25,
62,60,10000,0,31,
63,60,10000,0,22,
64,60,10000,0,17,
65,60,10000,0,34,
66,60,10000,0,23,
67,60,10000,0,19,
68,60,10000,0,46,
69,60,10000,0,33,
70,60,10000,0,22,
71,60,10000,0,17,
72,60,10000,0,28,
73,60,10000,0,20,
74,60,10000,0,22,
75,60,10000,0,18,
76,60,10000,0,27,
77,60,10000,0,26,
78,60,10000,0,39,
79,60,10000,0,13,
80,60,10000,0,22,
81,60,10000,0,21,
82,60,10000,0,31,
83,60,10000,0,25,
84,60,10000,0,21,
85,60,10000,0,29,
86,60,10000,0,19,
87,60,10000,0,20,
88,60,10000,0,40,
89,60,10000,0,35,
90,60,10000,0,15,
91,60,10000,0,17,
92,60,10000,0,25,
93,60,10000,0,26,
94,60,10000,0,16,
95,60,10000,0,14,
96,60,10000,0,20,
97,60,10000,0,17,
98,60,10000,0,17,
99,60,10000,0,45,
100,60,10000,0,36,
101,60,10000,0,24,
102,60,10000,0,14,
103,60,10000,0,19,
104,60,10000,0,12,
105,60,10000,0,27,
106,60,10000,0,37,
107,60,10000,0,21,
108,60,10000,0,17,
109,60,10000,0,20,
110,60,10000,0,28,
111,60,10000,0,21,
112,60,10000,0,17,
113,60,10000,0,28,
114,60,10000,0,27,
115,60,10000,0,35,
116,60,10000,0,32,
117,60,10000,0,12,
118,60,10000,0,19,
119,60,10000,0,30,
120,60,10000,0,14,
121,60,10000,0,23,
122,60,10000,0,21,
123,60,10000,0,29,
124,60,10000,0,40,
125,60,10000,0,33,
126,60,10000,0,24,
127,60,10000,0,14,
128,60,10000,0,31,
129,60,10000,0,28,
130,60,10000,0,29,
131,60,10000,0,23,
132,60,10000,0,20,
133,60,10000,0,32,
134,60,10000,0,36,
135,60,10000,0,17,
136,60,10000,0,20,
137,60,10000,0,23,
138,60,10000,0,18,
139,60,10000,0,33,
140,60,10000,0,18,
141,60,10000,0,17,
142,60,10000,0,24,
143,60,10000,0,40,
144,60,10000,0,15,
145,60,10000,0,25,
146,60,10000,0,35,
147,60,10000,0,33,
148,60,10000,0,27,
149,60,10000,0,18,
150,60,10000,0,26,
151,60,10000,0,29,
152,60,10000,0,30,
153,60,10000,0,24,
154,60,10000,0,18,
155,60,10000,0,26,
156,60,10000,0,29,
157,60,10000,0,19,
158,60,10000,0,19,
159,60,10000,0,23,
160,60,10000,0,22,
161,60,10000,0,31,
162,60,10000,0,21,
163,60,10000,0,19,
164,60,10000,0,29,
165,60,10000,0,23,
166,60,10000,0,19,
167,60,10000,0,23,
168,60,10000,0,15,
169,60,10000,0,22,
170,60,10000,0,41,
171,60,10000,0,17,
172,60,10000,0,28,
173,60,10000,0,20,
174,60,10000,0,27,
175,60,10000,0,22,
176,60,10000,0,25,
177,60,10000,0,23,
178,60,10000,0,23,
179,60,10000,0,16,
180,60,10000,0,16,
181,60,10000,0,17,
182,60,10000,0,38,
183,60,10000,0,22,
184,60,10000,0,36,
185,60,10000,0,15,
186,60,10000,0,25,
187,60,10000,0,23,
188,60,10000,0,32,
189,60,10000,0,26,
190,60,10000,0,25,
191,60,10000,0,24,
192,60,10000,0,25,
193,60,10000,0,29,
194,60,10000,0,30,
195,60,10000,0,24,
196,60,10000,0,19,
197,60,10000,0,24,
198,60,10000,0,18,
199,60,10000,0,24,
200,60,10000,0,17,
201,60,10000,0,17,
202,60,10000,0,20,
203,60,10000,0,23,
204,60,10000,0,16,
205,60,10000,0,26,
206,60,10000,0,27,
207,60,10000,0,20,
208,60,10000,0,16,
209,60,10000,0,31,
210,60,10000,0,24,
211,60,10000,0,24,
212,60,10000,0,26,
213,60,10000,0,35,
214,60,10000,0,20,
215,60,10000,0,32,
216,60,10000,0,25,
217,60,10000,0,42,
218,60,10000,0,36,
219,60,10000,0,18,
220,60,10000,0,16,
221,60,10000,0,20,
222,60,10000,0,22,
223,60,10000,0,19,
224,60,10000,0,42,
225,60,10000,0,32,
226,60,10000,0,30,
227,60,10000,0,39,
228,60,10000,0,36,
229,60,10000,0,37,
230,60,10000,0,27,
231,60,10000,0,19,
232,60,10000,0,23,
233,60,10000,0,35,
234,60,10000,0,26,
235,60,10000,0,30,
236,60,10000,0,47,
237,60,10000,0,22,
238,60,10000,0,33,
239,60,10000,0,18,
240,60,10000,0,49,
241,60,10000,0,27,
242,60,10000,0,37,
243,60,10000,0,13,
244,60,10000,0,33,
245,60,10000,0,28,
246,60,10000,0,26,
247,60,10000,0,24,
248,60,10000,0,32,
249,60,10000,0,26,
250,60,10000,0,49,
251,60,10000,0,28,
252,60,10000,0,27,
253,60,10000,0,18,
254,60,10000,0,29,
255,60,10000,0,21,
256,60,10000,0,21,
257,60,10000,0,43,
258,60,10000,0,28,
259,60,10000,0,48,
260,60,10000,0,21,
261,60,10000,0,32,
262,60,10000,0,29,
263,60,10000,0,23,
264,60,10000,0,22,
265,60,10000,0,31,
266,60,10000,0,21,
267,60,10000,0,61,
268,60,10000,0,34,
269,60,10000,0,21,
270,60,10000,0,38,
271,60,10000,0,28,
272,60,10000,0,23,
273,60,10000,0,26,
274,60,10000,0,10,
275,60,10000,0,14,
276,60,10000,0,23,
277,60,10000,0,23,
278,60,10000,0,35,
279,60,10000,0,16,
280,60,10000,0,41,
281,60,10000,0,27,
282,60,10000,0,17,
283,60,10000,0,30,
284,60,10000,0,26,
285,60,10000,0,21,
286,60,10000,0,24,
287,60,10000,0,31,
288,60,10000,0,21,
289,60,10000,0,35,
290,60,10000,0,32,
291,60,10000,0,27,
292,60,10000,0,24,
293,60,10000,0,35,
294,60,10000,0,46,
295,60,10000,0,40,
296,60,10000,0,29,
297,60,10000,0,22,
298,60,10000,0,25,
299,60,10000,0,26,
300,60,10000,0,29,
301,60,10000,0,22,
302,60,10000,0,17,
303,60,10000,0,21,
304,60,10000,0,19,
305,60,10000,0,16,
306,60,10000,0,31,
307,60,10000,0,34,
308,60,10000,0,25,
309,60,10000,0,19,
310,60,10000,0,23,
311,60,10000,0,40,
312,60,10000,0,41,
313,60,10000,0,29,
314,60,10000,0,35,
315,60,10000,0,27,
316,60,10000,0,22,
317,60,10000,0,19,
318,60,10000,0,21,
319,60,10000,0,17,
320,60,10000,0,22,
321,60,10000,0,32,
322,60,10000,0,29,
323,60,10000,0,15,
324,60,10000,0,34,
325,60,10000,0,25,
326,60,10000,0,36,
327,60,10000,0,16,
328,60,10000,0,23,
329,60,10000,0,27,
330,60,10000,0,30,
331,60,10000,0,43,
332,60,10000,0,28,
333,60,10000,0,22,
334,60,10000,0,37,
335,60,10000,0,27,
336,60,10000,0,17,
337,60,10000,0,21,
338,60,10000,0,20,
339,60,10000,0,25,
340,60,10000,0,33,
341,60,10000,0,35,
342,60,10000,0,20,
343,60,10000,0,24,
344,60,10000,0,17,
345,60,10000,0,33,
346,60,10000,0,30,
347,60,10000,0,16,
348,60,10000,0,14,
349,60,10000,0,19,
350,60,10000,0,27,
351,60,10000,0,16,
352,60,10000,0,34,
353,60,10000,0,28,
354,60,10000,0,41,
355,60,10000,0,34,
356,60,10000,0,43,
357,60,10000,0,33,
358,60,10000,0,45,
359,60,10000,0,26,
360,60,10000,0,25,
361,60,10000,0,24,
362,60,10000,0,16,
363,60,10000,0,43,
364,60,10000,0,21,
365,60,10000,0,45,
366,60,10000,0,40,
367,60,10000,0,27,
368,60,10000,0,22,
369,60,10000,0,27,
370,60,10000,0,26,
371,60,10000,0,34,
372,60,10000,0,26,
373,60,10000,0,35,
374,60,10000,0,72,
375,60,10000,0,37,
376,60,10000,0,33,
377,60,10000,0,30,
378,60,10000,0,26,
379,60,10000,0,29,
380,60,10000,0,33,
381,60,10000,0,39,
382,60,10000,0,28,
383,60,10000,0,25,
384,60,10000,0,27,
385,60,10000,0,20,
386,60,10000,0,30,
387,60,10000,0,30,
388,60,10000,0,22,
389,60,10000,0,36,
390,60,10000,0,26,
391,60,10000,0,31,
392,60,10000,0,23,
393,60,10000,0,37,
394,60,10000,0,29,
395,60,10000,0,24,
396,60,10000,0,25,
397,60,10000,0,32,
398,60,10000,0,26,
399,60,10000,0,59,
400,60,10000,0,38,
1,100,10000,0,286,
2,100,10000,0,145,
3,100,10000,0,335,
4,100,10000,0,272,
5,100,10000,0,250,
6,100,10000,0,289,
7,100,10000,0,191,
8,100,10000,0,191,
9,100,10000,0,233,
10,100,10000,0,229,
11,100,10000,0,290,
12,100,10000,0,203,
13,100,10000,0,315,
14,100,10000,0,329,
15,100,10000,0,353,
16,100,10000,0,235,
17,100,10000,0,165,
18,100,10000,0,322,
19,100,10000,0,271,
20,100,10000,0,244,
21,100,10000,0,273,
22,100,10000,0,241,
23,100,10000,0,307,
24,100,10000,0,256,
25,100,10000,0,214,
26,100,10000,0,179,
27,100,10000,0,311,
28,100,10000,0,114,
29,100,10000,0,183,
30,100,10000,0,270,
31,100,10000,0,166,
32,100,10000,0,264,
33,100,10000,0,200,
34,100,10000,0,378,
35,100,10000,0,237,
36,100,10000,0,201,
37,100,10000,0,252,
38,100,10000,0,227,
39,100,10000,0,125,
40,100,10000,0,135,
41,100,10000,0,211,
42,100,10000,0,257,
43,100,10000,0,233,
44,100,10000,0,224,
45,100,10000,0,181,
46,100,10000,0,220,
47,100,10000,0,308,
48,100,10000,0,235,
49,100,10000,0,261,
50,100,10000,0,206,
51,100,10000,0,257,
52,100,10000,0,200,
53,100,10000,0,180,
54,100,10000,0,504,
55,100,10000,0,310,
56,100,10000,0,227,
57,100,10000,0,108,
58,100,10000,0,241,
59,100,10000,0,180,
60,100,10000,0,246,
61,100,10000,0,217,
62,100,10000,0,192,
63,100,10000,0,231,
64,100,10000,0,230,
65,100,10000,0,258,
66,100,10000,0,209,
67,100,10000,0,368,
68,100,10000,0,270,
69,100,10000,0,296,
70,100,10000,0,203,
71,100,10000,0,325,
72,100,10000,0,186,
73,100,10000,0,190,
74,100,10000,0,187,
75,100,10000,0,247,
76,100,10000,0,210,
77,100,10000,0,292,
78,100,10000,0,112,
79,100,10000,0,326,
80,100,10000,0,143,
81,100,10000,0,214,
82,100,10000,0,214,
83,100,10000,0,198,
84,100,10000,0,132,
85,100,10000,0,224,
86,100,10000,0,516,
87,100,10000,0,230,
88,100,10000,0,247,
89,100,10000,0,270,
90,100,10000,0,193,
91,100,10000,0,151,
92,100,10000,0,290,
93,100,10000,0,243,
94,100,10000,0,314,
95,100,10000,0,148,
96,100,10000,0,193,
97,100,10000,0,269,
98,100,10000,0,195,
99,100,10000,0,184,
100,100,10000,0,198,
101,100,10000,0,178,
102,100,10000,0,185,
103,100,10000,0,117,
104,100,10000,0,316,
105,100,10000,0,290,
106,100,10000,0,284,
107,100,10000,0,333,
108,100,10000,0,373,
109,100,10000,0,165,
110,100,10000,0,128,
111,100,10000,0,210,
112,100,10000,0,124,
113,100,10000,0,182,
114,100,10000,0,257,
115,100,10000,0,166,
116,100,10000,0,330,
117,100,10000,0,185,
118,100,10000,0,245,
119,100,10000,0,179,
120,100,10000,0,141,
121,100,10000,0,204,
122,100,10000,0,274,
123,100,10000,0,257,
124,100,10000,0,109,
125,100,10000,0,217,
126,100,10000,0,249,
127,100,10000,0,201,
128,100,10000,0,224,
129,100,10000,0,246,
130,100,10000,0,316,
131,100,10000,0,259,
132,100,10000,0,275,
133,100,10000,0,237,
134,100,10000,0,210,
135,100,10000,0,214,
136,100,10000,0,354,
137,100,10000,0,552,
138,100,10000,0,465,
139,100,10000,0,222,
140,100,10000,0,277,
141,100,10000,0,542,
142,100,10000,0,473,
143,100,10000,0,212,
144,100,10000,0,196,
145,100,10000,0,345,
146,100,10000,0,296,
147,100,10000,0,524,
148,100,10000,0,373,
149,100,10000,0,314,
150,100,10000,0,211,
151,100,10000,0,316,
152,100,10000,0,300,
153,100,10000,0,336,
154,100,10000,0,273,
155,100,10000,0,218,
156,100,10000,0,548,
157,100,10000,0,277,
158,100,10000,0,231,
159,100,10000,0,300,
160,100,10000,0,180,
161,100,10000,0,350,
162,100,10000,0,175,
163,100,10000,0,423,
164,100,10000,0,272,
165,100,10000,0,316,
166,100,10000,0,298,
167,100,10000,0,290,
168,100,10000,0,208,
169,100,10000,0,302,
170,100,10000,0,276,
171,100,10000,0,172,
172,100,10000,0,225,
173,100,10000,0,385,
174,100,10000,0,160,
175,100,10000,0,257,
176,100,10000,0,256,
177,100,10000,0,245,
178,100,10000,0,321,
179,100,10000,0,150,
180,100,10000,0,167,
181,100,10000,0,333,
182,100,10000,0,228,
183,100,10000,0,302,
184,100,10000,0,378,
185,100,10000,0,327,
186,100,10000,0,310,
187,100,10000,0,255,
188,100,10000,0,368,
189,100,10000,0,368,
190,100,10000,0,258,
191,100,10000,0,372,
192,100,10000,0,337,
193,100,10000,0,263,
194,100,10000,0,285,
195,100,10000,0,326,
196,100,10000,0,316,
197,100,10000,0,270,
198,100,10000,0,245,
199,100,10000,0,423,
200,100,10000,0,265,
201,100,10000,0,337,
202,100,10000,0,192,
203,100,10000,0,286,
204,100,10000,0,227,
205,100,10000,0,215,
206,100,10000,0,343,
207,100,10000,0,201,
208,100,10000,0,189,
209,100,10000,0,301,
210,100,10000,0,236,
211,100,10000,0,374,
212,100,10000,0,410,
213,100,10000,0,243,
214,100,10000,0,175,
215,100,10000,0,233,
216,100,10000,0,300,
217,100,10000,0,252,
218,100,10000,0,259,
219,100,10000,0,229,
220,100,10000,0,176,
221,100,10000,0,260,
222,100,10000,0,208,
223,100,10000,0,124,
224,100,10000,0,261,
225,100,10000,0,213,
226,100,10000,0,233,
227,100,10000,0,212,
228,100,10000,0,246,
229,100,10000,0,195,
230,100,10000,0,246,
231,100,10000,0,165,
232,100,10000,0,189,
233,100,10000,0,203,
234,100,10000,0,225,
235,100,10000,0,223,
236,100,10000,0,150,
237,100,10000,0,349,
238,100,10000,0,227,
239,100,10000,0,229,
240,100,10000,0,192,
241,100,10000,0,235,
242,100,10000,0,214,
243,100,10000,0,206,
244,100,10000,0,278,
245,100,10000,0,235,
246,100,10000,0,249,
247,100,10000,0,321,
248,100,10000,0,172,
249,100,10000,0,172,
250,100,10000,0,253,
251,100,10000,0,201,
252,100,10000,0,369,
253,100,10000,0,228,
254,100,10000,0,257,
255,100,10000,0,452,
256,100,10000,0,245,
257,100,10000,0,267,
258,100,10000,0,308,
259,100,10000,0,386,
260,100,10000,0,119,
261,100,10000,0,241,
262,100,10000,0,122,
263,100,10000,0,174,
264,100,10000,0,255,
265,100,10000,0,305,
266,100,10000,0,245,
267,100,10000,0,289,
268,100,10000,0,375,
269,100,10000,0,207,
270,100,10000,0,230,
271,100,10000,0,438,
272,100,10000,0,253,
273,100,10000,0,320,
274,100,10000,0,289,
275,100,10000,0,244,
276,100,10000,0,290,
277,100,10000,0,337,
278,100,10000,0,218,
279,100,10000,0,297,
280,100,10000,0,308,
281,100,10000,0,283,
282,100,10000,0,219,
283,100,10000,0,330,
284,100,10000,0,201,
285,100,10000,0,234,
286,100,10000,0,279,
287,100,10000,0,149,
288,100,10000,0,371,
289,100,10000,0,155,
290,100,10000,0,145,
291,100,10000,0,369,
292,100,10000,0,207,
293,100,10000,0,284,
294,100,10000,0,319,
295,100,10000,0,267,
296,100,10000,0,191,
297,100,10000,0,244,
298,100,10000,0,241,
299,100,10000,0,196,
300,100,10000,0,220,
301,100,10000,0,155,
302,100,10000,0,168,
303,100,10000,0,182,
304,100,10000,0,174,
305,100,10000,0,256,
306,100,10000,0,119,
307,100,10000,0,133,
308,100,10000,0,257,
309,100,10000,0,247,
310,100,10000,0,330,
311,100,10000,0,260,
312,100,10000,0,233,
313,100,10000,0,396,
314,100,10000,0,368,
315,100,10000,0,156,
316,100,10000,0,187,
317,100,10000,0,268,
318,100,10000,0,254,
319,100,10000,0,243,
320,100,10000,0,159,
321,100,10000,0,300,
322,100,10000,0,308,
323,100,10000,0,298,
324,100,10000,0,193,
325,100,10000,0,303,
326,100,10000,0,293,
327,100,10000,0,341,
328,100,10000,0,160,
329,100,10000,0,295,
330,100,10000,0,214,
331,100,10000,0,268,
332,100,10000,0,387,
333,100,10000,0,223,
334,100,10000,0,220,
335,100,10000,0,131,
336,100,10000,0,275,
337,100,10000,0,241,
338,100,10000,0,314,
339,100,10000,0,260,
340,100,10000,0,350,
341,100,10000,0,204,
342,100,10000,0,230,
343,100,10000,0,183,
344,100,10000,0,283,
345,100,10000,0,216,
346,100,10000,0,297,
347,100,10000,0,254,
348,100,10000,0,513,
349,100,10000,0,307,
350,100,10000,0,305,
351,100,10000,0,276,
352,100,10000,0,421,
353,100,10000,0,260,
354,100,10000,0,333,
355,100,10000,0,141,
356,100,10000,0,299,
357,100,10000,0,333,
358,100,10000,0,250,
359,100,10000,0,219,
360,100,10000,0,432,
361,100,10000,0,167,
362,100,10000,0,329,
363,100,10000,0,252,
364,100,10000,0,349,
365,100,10000,0,302,
366,100,10000,0,246,
367,100,10000,0,351,
368,100,10000,0,232,
369,100,10000,0,259,
370,100,10000,0,221,
371,100,10000,0,237,
372,100,10000,0,174,
373,100,10000,0,251,
374,100,10000,0,301,
375,100,10000,0,313,
376,100,10000,0,266,
377,100,10000,0,207,
378,100,10000,0,210,
379,100,10000,0,211,
380,100,10000,0,261,
381,100,10000,0,153,
382,100,10000,0,280,
383,100,10000,0,261,
384,100,10000,0,256,
385,100,10000,0,336,
386,100,10000,0,241,
387,100,10000,0,279,
388,100,10000,0,231,
389,100,10000,0,262,
390,100,10000,0,305,
391,100,10000,0,245,
392,100,10000,0,321,
393,100,10000,0,329,
394,100,10000,0,213,
395,100,10000,0,175,
396,100,10000,0,190,
397,100,10000,0,308,
398,100,10000,0,162,
399,100,10000,0,336,
400,100,10000,0,418,
1,125,10000,0,837,
2,125,10000,0,1138,
3,125,10000,0,802,
4,125,10000,0,1038,
5,125,10000,0,673,
6,125,10000,0,801,
7,125,10000,0,858,
8,125,10000,0,912,
9,125,10000,0,836,
10,125,10000,0,717,
11,125,10000,0,878,
12,125,10000,0,1031,
13,125,10000,0,841,
14,125,10000,0,924,
15,125,10000,0,1080,
16,125,10000,0,637,
17,125,10000,0,776,
18,125,10000,0,916,
19,125,10000,0,992,
20,125,10000,0,1119,
21,125,10000,0,706,
22,125,10000,0,1019,
23,125,10000,0,663,
24,125,10000,0,682,
25,125,10000,0,732,
26,125,10000,4,1138,
27,125,10000,0,566,
28,125,10000,0,964,
29,125,10000,0,681,
30,125,10000,0,957,
31,125,10000,0,833,
32,125,10000,0,999,
33,125,10000,0,818,
34,125,10000,3,1156,
35,125,10000,0,592,
36,125,10000,0,754,
37,125,10000,0,538,
38,125,10000,0,581,
39,125,10000,0,1064,
40,125,10000,0,819,
41,125,10000,0,470,
42,125,10000,0,654,
43,125,10000,0,757,
44,125,10000,0,860,
45,125,10000,0,895,
46,125,10000,0,1059,
47,125,10000,0,701,
48,125,10000,0,527,
49,125,10000,0,713,
50,125,10000,0,621,
51,125,10000,4,1075,
52,125,10000,0,731,
53,125,10000,2,1030,
54,125,10000,0,791,
55,125,10000,0,875,
56,125,10000,0,679,
57,125,10000,3,1025,
58,125,10000,3,1043,
59,125,10000,0,593,
60,125,10000,0,845,
61,125,10000,0,583,
62,125,10000,0,525,
63,125,10000,0,739,
64,125,10000,0,755,
65,125,10000,0,915,
66,125,10000,0,303,
67,125,10000,0,649,
68,125,10000,0,1038,
69,125,10000,0,808,
70,125,10000,0,972,
71,125,10000,0,453,
72,125,10000,0,1181,
73,125,10000,0,1041,
74,125,10000,0,1097,
75,125,10000,0,872,
76,125,10000,0,848,
77,125,10000,0,733,
78,125,10000,0,452,
79,125,10000,0,712,
80,125,10000,0,546,
81,125,10000,0,834,
82,125,10000,0,686,
83,125,10000,0,553,
84,125,10000,0,475,
85,125,10000,0,488,
86,125,10000,0,767,
87,125,10000,0,612,
88,125,10000,0,608,
89,125,10000,0,918,
90,125,10000,0,920,
91,125,10000,0,621,
92,125,10000,0,601,
93,125,10000,0,684,
94,125,10000,0,780,
95,125,10000,3,1011,
96,125,10000,0,941,
97,125,10000,3,1087,
98,125,10000,0,512,
99,125,10000,4,1469,
100,125,10000,0,807,
101,125,10000,3,1224,
102,125,10000,0,557,
103,125,10000,0,854,
104,125,10000,0,741,
105,125,10000,0,617,
106,125,10000,0,696,
107,125,10000,0,552,
108,125,10000,0,451,
109,125,10000,0,833,
110,125,10000,0,591,
111,125,10000,0,468,
112,125,10000,0,657,
113,125,10000,0,659,
114,125,10000,0,786,
115,125,10000,0,670,
116,125,10000,0,388,
117,125,10000,0,395,
118,125,10000,0,735,
119,125,10000,0,531,
120,125,10000,0,733,
121,125,10000,0,869,
122,125,10000,0,321,
123,125,10000,0,512,
124,125,10000,0,825,
125,125,10000,0,583,
126,125,10000,0,794,
127,125,10000,0,511,
128,125,10000,0,743,
129,125,10000,0,457,
130,125,10000,0,950,
131,125,10000,0,373,
132,125,10000,0,508,
133,125,10000,0,729,
134,125,10000,0,619,
135,125,10000,0,406,
136,125,10000,0,921,
137,125,10000,2,1030,
138,125,10000,0,456,
139,125,10000,0,546,
140,125,10000,0,664,
141,125,10000,0,984,
142,125,10000,0,956,
143,125,10000,0,483,
144,125,10000,0,762,
145,125,10000,0,749,
146,125,10000,0,464,
147,125,10000,0,868,
148,125,10000,0,599,
149,125,10000,0,650,
150,125,10000,3,1014,
151,125,10000,0,792,
152,125,10000,0,779,
153,125,10000,0,619,
154,125,10000,0,593,
155,125,10000,0,758,
156,125,10000,4,1013,
157,125,10000,0,883,
158,125,10000,0,509,
159,125,10000,0,724,
160,125,10000,0,800,
161,125,10000,0,713,
162,125,10000,0,920,
163,125,10000,0,747,
164,125,10000,0,875,
165,125,10000,0,577,
166,125,10000,0,533,
167,125,10000,0,777,
168,125,10000,0,746,
169,125,10000,0,684,
170,125,10000,0,658,
171,125,10000,0,828,
172,125,10000,0,652,
173,125,10000,0,882,
174,125,10000,0,658,
175,125,10000,0,753,
176,125,10000,0,975,
177,125,10000,2,1008,
178,125,10000,4,1020,
179,125,10000,0,480,
180,125,10000,0,543,
181,125,10000,0,209,
182,125,10000,0,531,
183,125,10000,0,674,
184,125,10000,0,1036,
185,125,10000,0,807,
186,125,10000,0,460,
187,125,10000,0,703,
188,125,10000,0,566,
189,125,10000,0,903,
190,125,10000,0,627,
191,125,10000,0,531,
192,125,10000,0,973,
193,125,10000,0,468,
194,125,10000,0,887,
195,125,10000,0,567,
196,125,10000,0,540,
197,125,10000,0,636,
198,125,10000,0,625,
199,125,10000,0,810,
200,125,10000,0,295,
201,125,10000,0,738,
202,125,10000,0,514,
203,125,10000,0,452,
204,125,10000,0,749,
205,125,10000,0,787,
206,125,10000,0,852,
207,125,10000,0,652,
208,125,10000,0,654,
209,125,10000,0,530,
210,125,10000,0,724,
211,125,10000,0,794,
212,125,10000,0,509,
213,125,10000,0,603,
214,125,10000,0,751,
215,125,10000,0,599,
216,125,10000,0,617,
217,125,10000,0,839,
218,125,10000,0,873,
219,125,10000,0,542,
220,125,10000,0,794,
221,125,10000,0,690,
222,125,10000,0,755,
223,125,10000,0,688,
224,125,10000,0,561,
225,125,10000,0,869,
226,125,10000,0,481,
227,125,10000,0,550,
228,125,10000,0,994,
229,125,10000,0,394,
230,125,10000,0,674,
231,125,10000,0,411,
232,125,10000,0,558,
233,125,10000,0,616,
234,125,10000,0,623,
235,125,10000,0,761,
236,125,10000,0,863,
237,125,10000,0,825,
238,125,10000,0,580,
239,125,10000,0,832,
240,125,10000,0,681,
241,125,10000,0,824,
242,125,10000,0,584,
243,125,10000,0,738,
244,125,10000,0,893,
245,125,10000,0,717,
246,125,10000,0,815,
247,125,10000,0,916,
248,125,10000,0,888,
249,125,10000,0,477,
250,125,10000,0,466,
251,125,10000,0,789,
252,125,10000,0,659,
253,125,10000,0,508,
254,125,10000,3,1010,
255,125,10000,0,1010,
256,125,10000,0,881,
257,125,10000,0,673,
258,125,10000,0,830,
259,125,10000,0,600,
260,125,10000,0,959,
261,125,10000,0,574,
262,125,10000,5,1022,
263,125,10000,0,622,
264,125,10000,0,982,
265,125,10000,0,896,
266,125,10000,0,705,
267,125,10000,2,1023,
268,125,10000,0,474,
269,125,10000,0,973,
270,125,10000,0,758,
271,125,10000,0,422,
272,125,10000,0,606,
273,125,10000,0,699,
274,125,10000,0,641,
275,125,10000,0,284,
276,125,10000,0,356,
277,125,10000,0,477,
278,125,10000,0,818,
279,125,10000,0,723,
280,125,10000,0,480,
281,125,10000,3,1022,
282,125,10000,0,549,
283,125,10000,0,765,
284,125,10000,0,701,
285,125,10000,0,924,
286,125,10000,0,785,
287,125,10000,0,722,
288,125,10000,0,684,
289,125,10000,0,737,
290,125,10000,0,548,
291,125,10000,0,955,
292,125,10000,3,1001,
293,125,10000,0,869,
294,125,10000,0,784,
295,125,10000,0,854,
296,125,10000,0,707,
297,125,10000,0,610,
298,125,10000,0,713,
299,125,10000,0,907,
300,125,10000,0,361,
301,125,10000,0,999,
302,125,10000,0,437,
303,125,10000,0,782,
304,125,10000,0,830,
305,125,10000,0,1009,
306,125,10000,0,494,
307,125,10000,0,487,
308,125,10000,0,761,
309,125,10000,0,683,
310,125,10000,0,867,
311,125,10000,0,851,
312,125,10000,3,1008,
313,125,10000,0,652,
314,125,10000,0,359,
315,125,10000,0,405,
316,125,10000,0,495,
317,125,10000,0,774,
318,125,10000,0,899,
319,125,10000,0,469,
320,125,10000,3,1028,
321,125,10000,0,444,
322,125,10000,0,555,
323,125,10000,0,399,
324,125,10000,0,540,
325,125,10000,0,633,
326,125,10000,0,815,
327,125,10000,0,694,
328,125,10000,0,722,
329,125,10000,0,406,
330,125,10000,0,960,
331,125,10000,0,557,
332,125,10000,4,1016,
333,125,10000,0,694,
334,125,10000,2,1010,
335,125,10000,0,662,
336,125,10000,0,456,
337,125,10000,0,741,
338,125,10000,0,702,
339,125,10000,0,704,
340,125,10000,0,741,
341,125,10000,0,732,
342,125,10000,0,770,
343,125,10000,3,1005,
344,125,10000,0,492,
345,125,10000,0,840,
346,125,10000,0,482,
347,125,10000,0,682,
348,125,10000,0,809,
349,125,10000,0,852,
350,125,10000,0,721,
351,125,10000,0,699,
352,125,10000,0,666,
353,125,10000,0,552,
354,125,10000,0,908,
355,125,10000,0,745,
356,125,10000,0,879,
357,125,10000,0,652,
358,125,10000,0,809,
359,125,10000,0,506,
360,125,10000,0,779,
361,125,10000,0,704,
362,125,10000,0,733,
363,125,10000,0,879,
364,125,10000,0,454,
365,125,10000,0,498,
366,125,10000,0,830,
367,125,10000,3,1009,
368,125,10000,0,629,
369,125,10000,0,466,
370,125,10000,0,489,
371,125,10000,0,892,
372,125,10000,0,562,
373,125,10000,0,352,
374,125,10000,0,749,
375,125,10000,0,785,
376,125,10000,0,748,
377,125,10000,0,978,
378,125,10000,0,858,
379,125,10000,0,836,
380,125,10000,0,556,
381,125,10000,0,670,
382,125,10000,2,1075,
383,125,10000,0,664,
384,125,10000,0,609,
385,125,10000,0,469,
386,125,10000,0,743,
387,125,10000,0,629,
388,125,10000,0,609,
389,125,10000,0,564,
390,125,10000,0,465,
391,125,10000,0,930,
392,125,10000,0,332,
393,125,10000,0,846,
394,125,10000,0,850,
395,125,10000,0,703,
396,125,10000,0,739,
397,125,10000,0,909,
398,125,10000,0,438,
399,125,10000,0,975,
400,125,10000,0,300,
1,150,10000,5,1404,
2,150,10000,4,1337,
3,150,10000,0,1308,
4,150,10000,3,1319,
5,150,10000,5,1326,
6,150,10000,3,1333,
7,150,10000,5,1321,
8,150,10000,0,1148,
9,150,10000,5,1580,
10,150,10000,4,1359,
11,150,10000,2,1311,
12,150,10000,3,1336,
13,150,10000,6,1320,
14,150,10000,6,1352,
15,150,10000,4,1315,
16,150,10000,5,1356,
17,150,10000,4,1324,
18,150,10000,0,1266,
19,150,10000,5,1342,
20,150,10000,5,1425,
21,150,10000,4,1317,
22,150,10000,3,1314,
23,150,10000,2,1361,
24,150,10000,5,1324,
25,150,10000,5,1332,
26,150,10000,3,1328,
27,150,10000,4,1321,
28,150,10000,4,1326,
29,150,10000,0,1253,
30,150,10000,0,1136,
31,150,10000,4,1337,
32,150,10000,6,1321,
33,150,10000,5,1331,
34,150,10000,3,1383,
35,150,10000,6,1326,
36,150,10000,4,1343,
37,150,10000,5,1412,
38,150,10000,5,1493,
39,150,10000,5,1458,
40,150,10000,3,1413,
41,150,10000,6,1310,
42,150,10000,3,1339,
43,150,10000,6,1343,
44,150,10000,0,929,
45,150,10000,5,1345,
46,150,10000,5,1322,
47,150,10000,4,1323,
48,150,10000,4,1339,
49,150,10000,6,1308,
50,150,10000,0,981,
51,150,10000,4,1394,
52,150,10000,0,780,
53,150,10000,7,1393,
54,150,10000,7,1332,
55,150,10000,6,1340,
56,150,10000,6,1320,
57,150,10000,3,1330,
58,150,10000,6,1337,
59,150,10000,4,1310,
60,150,10000,2,1333,
61,150,10000,4,1348,
62,150,10000,4,1342,
63,150,10000,5,1341,
64,150,10000,5,1348,
65,150,10000,5,1352,
66,150,10000,5,1297,
67,150,10000,4,1309,
68,150,10000,4,1314,
69,150,10000,6,1337,
70,150,10000,3,1314,
71,150,10000,3,1315,
72,150,10000,2,1313,
73,150,10000,0,1111,
74,150,10000,2,1326,
75,150,10000,5,1322,
76,150,10000,4,1320,
77,150,10000,3,1337,
78,150,10000,6,1334,
79,150,10000,4,1358,
80,150,10000,2,1330,
81,150,10000,4,1325,
82,150,10000,3,1338,
83,150,10000,4,1340,
84,150,10000,6,1315,
85,150,10000,0,1342,
86,150,10000,5,1314,
87,150,10000,2,1433,
88,150,10000,3,1484,
89,150,10000,5,1459,
90,150,10000,4,1399,
91,150,10000,5,1340,
92,150,10000,7,1352,
93,150,10000,6,1327,
94,150,10000,4,1349,
95,150,10000,3,1340,
96,150,10000,5,1336,
97,150,10000,4,1324,
98,150,10000,7,1331,
99,150,10000,0,1280,
100,150,10000,4,1343,
101,150,10000,6,1340,
102,150,10000,2,1327,
103,150,10000,8,1356,
104,150,10000,4,1339,
105,150,10000,0,1476,
106,150,10000,4,1563,
107,150,10000,3,1337,
108,150,10000,4,1323,
109,150,10000,4,1342,
110,150,10000,5,1340,
111,150,10000,6,1319,
112,150,10000,3,1347,
113,150,10000,6,1435,
114,150,10000,5,1343,
115,150,10000,4,1309,
116,150,10000,4,1320,
117,150,10000,4,1332,
118,150,10000,5,1332,
119,150,10000,4,1314,
120,150,10000,4,1329,
121,150,10000,5,1331,
122,150,10000,6,1322,
123,150,10000,5,1328,
124,150,10000,4,1325,
125,150,10000,3,1331,
126,150,10000,3,1319,
127,150,10000,3,1299,
128,150,10000,0,1301,
129,150,10000,5,1346,
130,150,10000,4,1349,
131,150,10000,4,1334,
132,150,10000,6,1345,
133,150,10000,4,1319,
134,150,10000,5,1332,
135,150,10000,6,1361,
136,150,10000,3,1446,
137,150,10000,5,1567,
138,150,10000,2,1608,
139,150,10000,5,1634,
140,150,10000,4,1438,
141,150,10000,4,1338,
142,150,10000,5,1337,
143,150,10000,4,1326,
144,150,10000,6,1338,
145,150,10000,5,1346,
146,150,10000,4,1343,
147,150,10000,4,1365,
148,150,10000,4,1337,
149,150,10000,0,990,
150,150,10000,0,1308,
151,150,10000,0,1029,
152,150,10000,8,1348,
153,150,10000,5,1326,
154,150,10000,5,1305,
155,150,10000,4,1328,
156,150,10000,5,1320,
157,150,10000,5,1315,
158,150,10000,4,1331,
159,150,10000,2,1315,
160,150,10000,4,1333,
161,150,10000,3,1342,
162,150,10000,6,1299,
163,150,10000,5,1314,
164,150,10000,4,1335,
165,150,10000,6,1322,
166,150,10000,6,1359,
167,150,10000,0,911,
168,150,10000,5,1341,
169,150,10000,8,1343,
170,150,10000,7,1304,
171,150,10000,5,1340,
172,150,10000,2,1328,
173,150,10000,2,1317,
174,150,10000,5,1337,
175,150,10000,4,1335,
176,150,10000,5,1316,
177,150,10000,6,1339,
178,150,10000,4,1331,
179,150,10000,4,1327,
180,150,10000,3,1333,
181,150,10000,4,1333,
182,150,10000,7,1339,
183,150,10000,5,1320,
184,150,10000,0,1195,
185,150,10000,4,1336,
186,150,10000,6,1471,
187,150,10000,4,1393,
188,150,10000,6,1400,
189,150,10000,2,1417,
190,150,10000,5,1317,
191,150,10000,0,1198,
192,150,10000,4,1338,
193,150,10000,4,1338,
194,150,10000,2,1347,
195,150,10000,4,1331,
196,150,10000,4,1347,
197,150,10000,2,1326,
198,150,10000,8,1330,
199,150,10000,6,1333,
200,150,10000,5,1341,
201,150,10000,6,1294,
202,150,10000,6,1335,
203,150,10000,0,1068,
204,150,10000,5,1320,
205,150,10000,5,1344,
206,150,10000,5,1311,
207,150,10000,0,1095,
208,150,10000,5,1328,
209,150,10000,6,1324,
210,150,10000,0,1324,
211,150,10000,6,1335,
212,150,10000,4,1313,
213,150,10000,6,1322,
214,150,10000,4,1340,
215,150,10000,5,1329,
216,150,10000,5,1347,
217,150,10000,5,1317,
218,150,10000,3,1349,
219,150,10000,4,1345,
220,150,10000,5,1333,
221,150,10000,4,1339,
222,150,10000,7,1333,
223,150,10000,4,1330,
224,150,10000,4,1343,
225,150,10000,2,1321,
226,150,10000,3,1320,
227,150,10000,3,1318,
228,150,10000,6,1349,
229,150,10000,4,1323,
230,150,10000,5,1355,
231,150,10000,3,1334,
232,150,10000,5,1337,
233,150,10000,4,1326,
234,150,10000,5,1314,
235,150,10000,3,1468,
236,150,10000,4,1450,
237,150,10000,4,1429,
238,150,10000,4,1473,
239,150,10000,0,992,
240,150,10000,3,1323,
241,150,10000,3,1329,
242,150,10000,5,1341,
243,150,10000,4,1317,
244,150,10000,5,1321,
245,150,10000,5,1333,
246,150,10000,0,450,
247,150,10000,4,1313,
248,150,10000,0,1206,
249,150,10000,5,1310,
250,150,10000,0,1256,
251,150,10000,5,1328,
252,150,10000,4,1330,
253,150,10000,4,1316,
254,150,10000,5,1325,
255,150,10000,4,1308,
256,150,10000,4,1321,
257,150,10000,5,1326,
258,150,10000,6,1318,
259,150,10000,9,1338,
260,150,10000,6,1348,
261,150,10000,0,1034,
262,150,10000,0,1283,
263,150,10000,5,1311,
264,150,10000,5,1324,
265,150,10000,4,1341,
266,150,10000,4,1325,
267,150,10000,5,1338,
268,150,10000,3,1348,
269,150,10000,5,1306,
270,150,10000,4,1331,
271,150,10000,5,1348,
272,150,10000,4,1338,
273,150,10000,5,1328,
274,150,10000,4,1334,
275,150,10000,4,1305,
276,150,10000,3,1334,
277,150,10000,7,1326,
278,150,10000,4,1327,
279,150,10000,6,1335,
280,150,10000,5,1322,
281,150,10000,5,1327,
282,150,10000,4,1361,
283,150,10000,7,1339,
284,150,10000,5,1339,
285,150,10000,5,1360,
286,150,10000,4,1493,
287,150,10000,7,1487,
288,150,10000,1,1443,
289,150,10000,6,1360,
290,150,10000,5,1336,
291,150,10000,5,1316,
292,150,10000,5,1322,
293,150,10000,0,1106,
294,150,10000,7,1335,
295,150,10000,8,1303,
296,150,10000,4,1318,
297,150,10000,5,1299,
298,150,10000,4,1316,
299,150,10000,5,1319,
300,150,10000,2,1309,
301,150,10000,2,1339,
302,150,10000,5,1347,
303,150,10000,6,1330,
304,150,10000,0,1213,
305,150,10000,5,1330,
306,150,10000,4,1320,
307,150,10000,3,1333,
308,150,10000,0,1213,
309,150,10000,3,1333,
310,150,10000,0,1123,
311,150,10000,4,1340,
312,150,10000,5,1334,
313,150,10000,5,1324,
314,150,10000,4,1325,
315,150,10000,5,1330,
316,150,10000,4,1318,
317,150,10000,6,1328,
318,150,10000,6,1339,
319,150,10000,3,1316,
320,150,10000,5,1343,
321,150,10000,4,1336,
322,150,10000,3,1317,
323,150,10000,5,1339,
324,150,10000,4,1343,
325,150,10000,3,1307,
326,150,10000,5,1332,
327,150,10000,6,1329,
328,150,10000,4,1315,
329,150,10000,3,1340,
330,150,10000,2,1318,
331,150,10000,0,1084,
332,150,10000,3,1340,
333,150,10000,4,1324,
334,150,10000,4,1324,
335,150,10000,0,866,
336,150,10000,4,1500,
337,150,10000,5,1481,
338,150,10000,4,1422,
339,150,10000,5,1351,
340,150,10000,3,1342,
341,150,10000,0,1080,
342,150,10000,5,1334,
343,150,10000,2,1325,
344,150,10000,7,1320,
345,150,10000,6,1325,
346,150,10000,6,1327,
347,150,10000,5,1319,
348,150,10000,6,1343,
349,150,10000,4,1331,
350,150,10000,5,1328,
351,150,10000,3,1330,
352,150,10000,4,1322,
353,150,10000,4,1327,
354,150,10000,2,1334,
355,150,10000,5,1328,
356,150,10000,4,1374,
357,150,10000,6,1333,
358,150,10000,6,1317,
359,150,10000,4,1356,
360,150,10000,4,1329,
361,150,10000,3,1326,
362,150,10000,4,1327,
363,150,10000,5,1342,
364,150,10000,5,1347,
365,150,10000,5,1342,
366,150,10000,3,1304,
367,150,10000,4,1350,
368,150,10000,0,1209,
369,150,10000,0,759,
370,150,10000,3,1297,
371,150,10000,4,1312,
372,150,10000,6,1337,
373,150,10000,5,1337,
374,150,10000,4,1316,
375,150,10000,5,1338,
376,150,10000,6,1333,
377,150,10000,3,1326,
378,150,10000,6,1323,
379,150,10000,4,1341,
380,150,10000,3,1330,
381,150,10000,5,1337,
382,150,10000,4,1340,
383,150,10000,4,1333,
384,150,10000,3,1329,
385,150,10000,5,1313,
386,150,10000,0,1218,
387,150,10000,5,1452,
388,150,10000,6,1418,
389,150,10000,0,1293,
390,150,10000,4,1310,
391,150,10000,6,1308,
392,150,10000,4,1326,
393,150,10000,4,1338,
394,150,10000,6,1317,
395,150,10000,5,1345,
396,150,10000,5,1300,
397,150,10000,0,1282,
398,150,10000,5,1337,
399,150,10000,5,1327,
400,150,10000,7,1333,
1,175,10000,6,1764,
2,175,10000,6,1768,
3,175,10000,7,1774,
4,175,10000,8,1745,
5,175,10000,6,1762,
6,175,10000,3,1770,
7,175,10000,6,1771,
8,175,10000,7,1770,
9,175,10000,4,1785,
10,175,10000,6,1774,
11,175,10000,5,1754,
12,175,10000,6,1777,
13,175,10000,6,1771,
14,175,10000,8,1796,
15,175,10000,9,1750,
16,175,10000,6,1767,
17,175,10000,7,1794,
18,175,10000,4,1735,
19,175,10000,7,1757,
20,175,10000,5,1777,
21,175,10000,6,1763,
22,175,10000,7,1765,
23,175,10000,7,1768,
24,175,10000,7,1763,
25,175,10000,7,1763,
26,175,10000,6,1752,
27,175,10000,7,1936,
28,175,10000,8,1861,
29,175,10000,4,1818,
30,175,10000,5,1751,
31,175,10000,5,1765,
32,175,10000,7,1756,
33,175,10000,6,1767,
34,175,10000,5,1764,
35,175,10000,6,1790,
36,175,10000,7,1771,
37,175,10000,8,1765,
38,175,10000,5,1777,
39,175,10000,9,1775,
40,175,10000,8,1752,
41,175,10000,7,1775,
42,175,10000,6,1719,
43,175,10000,9,1760,
44,175,10000,6,1785,
45,175,10000,4,1779,
46,175,10000,6,1768,
47,175,10000,5,1778,
48,175,10000,7,1781,
49,175,10000,6,1778,
50,175,10000,5,1787,
51,175,10000,6,1757,
52,175,10000,5,1750,
53,175,10000,7,1778,
54,175,10000,7,1745,
55,175,10000,7,1762,
56,175,10000,6,1751,
57,175,10000,3,1762,
58,175,10000,7,1759,
59,175,10000,6,1771,
60,175,10000,8,1744,
61,175,10000,9,1751,
62,175,10000,6,1762,
63,175,10000,7,1782,
64,175,10000,7,1955,
65,175,10000,4,1906,
66,175,10000,7,1893,
67,175,10000,8,1774,
68,175,10000,3,1745,
69,175,10000,5,1755,
70,175,10000,6,1762,
71,175,10000,7,1760,
72,175,10000,5,1755,
73,175,10000,8,1764,
74,175,10000,8,1767,
75,175,10000,6,1757,
76,175,10000,7,1766,
77,175,10000,6,1769,
78,175,10000,7,1761,
79,175,10000,6,1756,
80,175,10000,8,1757,
81,175,10000,5,1760,
82,175,10000,7,1750,
83,175,10000,8,1730,
84,175,10000,8,1770,
85,175,10000,7,1782,
86,175,10000,4,1739,
87,175,10000,6,1740,
88,175,10000,5,1782,
89,175,10000,5,1751,
90,175,10000,6,1726,
91,175,10000,5,1760,
92,175,10000,4,1783,
93,175,10000,10,1766,
94,175,10000,4,1748,
95,175,10000,5,1757,
96,175,10000,6,1739,
97,175,10000,4,1776,
98,175,10000,6,1763,
99,175,10000,6,1778,
100,175,10000,7,1751,
101,175,10000,5,1938,
102,175,10000,8,1934,
103,175,10000,9,1863,
104,175,10000,6,1791,
105,175,10000,8,1750,
106,175,10000,4,1771,
107,175,10000,8,1782,
108,175,10000,7,1766,
109,175,10000,6,1766,
110,175,10000,8,1771,
111,175,10000,6,1766,
112,175,10000,6,1753,
113,175,10000,8,1772,
114,175,10000,5,1777,
115,175,10000,12,1770,
116,175,10000,6,1769,
117,175,10000,7,1746,
118,175,10000,7,1744,
119,175,10000,6,1769,
120,175,10000,6,1775,
121,175,10000,9,1775,
122,175,10000,6,1772,
123,175,10000,6,1760,
124,175,10000,9,1750,
125,175,10000,7,1763,
126,175,10000,4,1770,
127,175,10000,7,1781,
128,175,10000,5,1761,
129,175,10000,7,1753,
130,175,10000,4,1766,
131,175,10000,7,1776,
132,175,10000,6,1819,
133,175,10000,8,1766,
134,175,10000,8,1786,
135,175,10000,4,1752,
136,175,10000,8,1847,
137,175,10000,6,2060,
138,175,10000,8,2121,
139,175,10000,9,2180,
140,175,10000,11,1925,
141,175,10000,4,1771,
142,175,10000,5,1768,
143,175,10000,5,1768,
144,175,10000,8,1755,
145,175,10000,7,1750,
146,175,10000,7,1784,
147,175,10000,5,1782,
148,175,10000,6,1763,
149,175,10000,8,1771,
150,175,10000,7,1772,
151,175,10000,7,1779,
152,175,10000,6,1783,
153,175,10000,6,1762,
154,175,10000,5,1766,
155,175,10000,8,1758,
156,175,10000,8,1760,
157,175,10000,7,1747,
158,175,10000,5,1757,
159,175,10000,8,1755,
160,175,10000,6,1739,
161,175,10000,5,1764,
162,175,10000,7,1774,
163,175,10000,5,1762,
164,175,10000,5,1760,
165,175,10000,7,1749,
166,175,10000,8,1778,
167,175,10000,8,1774,
168,175,10000,9,1777,
169,175,10000,7,1780,
170,175,10000,8,1760,
171,175,10000,6,1780,
172,175,10000,9,1761,
173,175,10000,7,1766,
174,175,10000,5,1913,
175,175,10000,7,1926,
176,175,10000,9,1965,
177,175,10000,6,1758,
178,175,10000,6,1754,
179,175,10000,8,1761,
180,175,10000,8,1763,
181,175,10000,8,1755,
182,175,10000,8,1758,
183,175,10000,7,1790,
184,175,10000,4,1767,
185,175,10000,6,1774,
186,175,10000,7,1785,
187,175,10000,6,1837,
188,175,10000,8,1756,
189,175,10000,7,1753,
190,175,10000,6,1751,
191,175,10000,4,1775,
192,175,10000,6,1778,
193,175,10000,4,1771,
194,175,10000,6,1760,
195,175,10000,6,1757,
196,175,10000,7,1761,
197,175,10000,8,1744,
198,175,10000,11,1762,
199,175,10000,10,1775,
200,175,10000,10,1760,
201,175,10000,6,1782,
202,175,10000,4,1737,
203,175,10000,8,1784,
204,175,10000,5,1777,
205,175,10000,4,1764,
206,175,10000,6,1760,
207,175,10000,7,1779,
208,175,10000,7,1763,
209,175,10000,7,1758,
210,175,10000,5,1763,
211,175,10000,6,1917,
212,175,10000,8,1974,
213,175,10000,8,1844,
214,175,10000,6,1764,
215,175,10000,5,1786,
216,175,10000,7,1770,
217,175,10000,8,1752,
218,175,10000,8,1769,
219,175,10000,7,1787,
220,175,10000,8,1776,
221,175,10000,5,1788,
222,175,10000,3,1772,
223,175,10000,4,1794,
224,175,10000,8,1761,
225,175,10000,8,1762,
226,175,10000,8,1763,
227,175,10000,7,1762,
228,175,10000,8,1751,
229,175,10000,7,1774,
230,175,10000,7,1736,
231,175,10000,6,1753,
232,175,10000,7,1790,
233,175,10000,5,1773,
234,175,10000,5,1773,
235,175,10000,4,1760,
236,175,10000,6,1770,
237,175,10000,8,1730,
238,175,10000,5,1771,
239,175,10000,9,1766,
240,175,10000,7,1772,
241,175,10000,8,1764,
242,175,10000,6,1770,
243,175,10000,5,1765,
244,175,10000,9,1778,
245,175,10000,7,1739,
246,175,10000,7,1781,
247,175,10000,9,1759,
248,175,10000,8,2091,
249,175,10000,7,1997,
250,175,10000,6,1780,
251,175,10000,5,1786,
252,175,10000,9,1775,
253,175,10000,8,1795,
254,175,10000,7,1734,
255,175,10000,6,1741,
256,175,10000,5,1753,
257,175,10000,7,1773,
258,175,10000,7,1764,
259,175,10000,8,1750,
260,175,10000,8,1789,
261,175,10000,8,1763,
262,175,10000,6,1781,
263,175,10000,6,1742,
264,175,10000,4,1745,
265,175,10000,9,1765,
266,175,10000,6,1777,
267,175,10000,5,1743,
268,175,10000,5,1754,
269,175,10000,8,1767,
270,175,10000,6,1785,
271,175,10000,7,1743,
272,175,10000,5,1771,
273,175,10000,9,1772,
274,175,10000,7,1765,
275,175,10000,6,1742,
276,175,10000,11,1764,
277,175,10000,7,1764,
278,175,10000,6,1755,
279,175,10000,5,1777,
280,175,10000,6,1778,
281,175,10000,7,1775,
282,175,10000,7,1761,
283,175,10000,5,1796,
284,175,10000,6,1808,
285,175,10000,10,2005,
286,175,10000,7,1866,
287,175,10000,7,1817,
288,175,10000,8,1760,
289,175,10000,7,1767,
290,175,10000,7,1744,
291,175,10000,7,1741,
292,175,10000,7,1763,
293,175,10000,8,1743,
294,175,10000,5,1746,
295,175,10000,6,1756,
296,175,10000,5,1777,
297,175,10000,7,1753,
298,175,10000,4,1754,
299,175,10000,10,1769,
300,175,10000,7,1759,
301,175,10000,7,1782,
302,175,10000,7,1770,
303,175,10000,7,1769,
304,175,10000,5,1807,
305,175,10000,7,1810,
306,175,10000,6,1760,
307,175,10000,8,1770,
308,175,10000,5,1773,
309,175,10000,8,1768,
310,175,10000,6,1757,
311,175,10000,5,1755,
312,175,10000,8,1774,
313,175,10000,5,1783,
314,175,10000,5,1761,
315,175,10000,5,1779,
316,175,10000,7,1779,
317,175,10000,7,1786,
318,175,10000,7,1776,
319,175,10000,9,2191,
320,175,10000,8,2027,
321,175,10000,6,1994,
322,175,10000,9,2015,
323,175,10000,6,1991,
324,175,10000,5,1884,
325,175,10000,8,1835,
326,175,10000,7,1766,
327,175,10000,11,1750,
328,175,10000,10,1767,
329,175,10000,6,1762,
330,175,10000,5,1739,
331,175,10000,7,1759,
332,175,10000,7,1778,
333,175,10000,9,1773,
334,175,10000,9,1771,
335,175,10000,7,1812,
336,175,10000,2,1742,
337,175,10000,10,1743,
338,175,10000,8,1780,
339,175,10000,7,1756,
340,175,10000,6,1775,
341,175,10000,7,1775,
342,175,10000,5,1755,
343,175,10000,7,1772,
344,175,10000,5,1741,
345,175,10000,8,1767,
346,175,10000,5,1746,
347,175,10000,7,1755,
348,175,10000,10,1767,
349,175,10000,7,1776,
350,175,10000,8,1735,
351,175,10000,5,1766,
352,175,10000,4,1766,
353,175,10000,7,1764,
354,175,10000,5,1782,
355,175,10000,8,1781,
356,175,10000,8,1774,
357,175,10000,6,1766,
358,175,10000,4,1899,
359,175,10000,7,1884,
360,175,10000,9,1908,
361,175,10000,6,1766,
362,175,10000,6,1769,
363,175,10000,8,1775,
364,175,10000,7,1785,
365,175,10000,7,1778,
366,175,10000,8,1791,
367,175,10000,5,1806,
368,175,10000,4,1772,
369,175,10000,5,1775,
370,175,10000,5,1768,
371,175,10000,7,1776,
372,175,10000,7,1797,
373,175,10000,8,1781,
374,175,10000,6,1748,
375,175,10000,9,1770,
376,175,10000,7,1773,
377,175,10000,9,1785,
378,175,10000,4,1776,
379,175,10000,6,1771,
380,175,10000,6,1797,
381,175,10000,10,1755,
382,175,10000,6,1778,
383,175,10000,5,1742,
384,175,10000,8,1780,
385,175,10000,5,1758,
386,175,10000,7,1797,
387,175,10000,6,1796,
388,175,10000,5,1761,
389,175,10000,3,1773,
390,175,10000,8,1782,
391,175,10000,6,1778,
392,175,10000,8,1716,
393,175,10000,5,1756,
394,175,10000,6,1780,
395,175,10000,7,1949,
396,175,10000,3,1885,
397,175,10000,5,1908,
398,175,10000,8,1767,
399,175,10000,6,1795,
400,175,10000,4,1780,
1,200,10000,8,2739,
2,200,10000,8,2792,
3,200,10000,11,2853,
4,200,10000,9,2778,
5,200,10000,8,2783,
6,200,10000,7,2787,
7,200,10000,9,2722,
8,200,10000,10,2709,
9,200,10000,7,3008,
10,200,10000,10,2979,
11,200,10000,8,2826,
12,200,10000,9,3304,
13,200,10000,9,2763,
14,200,10000,9,2866,
15,200,10000,9,2768,
16,200,10000,6,2744,
17,200,10000,7,3216,
18,200,10000,7,2792,
19,200,10000,12,2858,
20,200,10000,10,2768,
21,200,10000,8,2845,
22,200,10000,9,2772,
23,200,10000,8,2716,
24,200,10000,9,2739,
25,200,10000,9,2731,
26,200,10000,6,2654,
27,200,10000,9,2659,
28,200,10000,9,2635,
29,200,10000,8,2704,
30,200,10000,8,2667,
31,200,10000,9,2678,
32,200,10000,8,2631,
33,200,10000,11,2967,
34,200,10000,8,2856,
35,200,10000,6,3003,
36,200,10000,7,2795,
37,200,10000,8,2721,
38,200,10000,7,2870,
39,200,10000,6,2829,
40,200,10000,11,2936,
41,200,10000,8,2934,
42,200,10000,6,2874,
43,200,10000,5,2872,
44,200,10000,11,2810,
45,200,10000,6,2792,
46,200,10000,10,2742,
47,200,10000,10,2705,
48,200,10000,11,2682,
49,200,10000,8,2726,
50,200,10000,8,2826,
51,200,10000,9,2950,
52,200,10000,9,2702,
53,200,10000,8,2903,
54,200,10000,7,2872,
55,200,10000,7,2758,
56,200,10000,9,2900,
57,200,10000,9,2796,
58,200,10000,10,2554,
59,200,10000,7,2613,
60,200,10000,10,2800,
61,200,10000,11,2712,
62,200,10000,9,2658,
63,200,10000,8,2759,
64,200,10000,8,2782,
65,200,10000,10,2792,
66,200,10000,5,2870,
67,200,10000,10,2980,
68,200,10000,9,2724,
69,200,10000,8,2685,
70,200,10000,12,2772,
71,200,10000,8,2868,
72,200,10000,7,2810,
73,200,10000,10,2629,
74,200,10000,6,2765,
75,200,10000,6,2757,
76,200,10000,10,2704,
77,200,10000,11,2690,
78,200,10000,9,2668,
79,200,10000,6,2572,
80,200,10000,5,2794,
81,200,10000,10,2791,
82,200,10000,10,2527,
83,200,10000,10,2537,
84,200,10000,5,2569,
85,200,10000,9,2544,
86,200,10000,8,2520,
87,200,10000,4,2571,
88,200,10000,9,2728,
89,200,10000,8,2666,
90,200,10000,11,2647,
91,200,10000,6,2735,
92,200,10000,11,2749,
93,200,10000,7,2876,
94,200,10000,9,2931,
95,200,10000,10,2911,
96,200,10000,9,2735,
97,200,10000,9,2961,
98,200,10000,10,2952,
99,200,10000,8,2968,
100,200,10000,11,2938,
101,200,10000,6,2848,
102,200,10000,8,2707,
103,200,10000,7,2657,
104,200,10000,8,3010,
105,200,10000,9,2888,
106,200,10000,7,2724,
107,200,10000,10,2698,
108,200,10000,8,2748,
109,200,10000,9,2779,
110,200,10000,9,2739,
111,200,10000,8,2922,
112,200,10000,8,2805,
113,200,10000,9,2750,
114,200,10000,7,2731,
115,200,10000,7,2755,
116,200,10000,7,2651,
117,200,10000,10,2652,
118,200,10000,7,2602,
119,200,10000,9,2720,
120,200,10000,10,2647,
121,200,10000,8,2646,
122,200,10000,4,2721,
123,200,10000,11,2722,
124,200,10000,9,2731,
125,200,10000,8,2704,
126,200,10000,10,2791,
127,200,10000,9,2619,
128,200,10000,8,2963,
129,200,10000,9,2869,
130,200,10000,6,2782,
131,200,10000,8,2645,
132,200,10000,9,2713,
133,200,10000,8,2778,
134,200,10000,11,2624,
135,200,10000,8,2677,
136,200,10000,9,2652,
137,200,10000,8,2756,
138,200,10000,8,2757,
139,200,10000,8,2738,
140,200,10000,10,2714,
141,200,10000,5,2771,
142,200,10000,8,2674,
143,200,10000,9,2698,
144,200,10000,9,2790,
145,200,10000,8,2688,
146,200,10000,8,2692,
147,200,10000,8,2806,
148,200,10000,8,2735,
149,200,10000,9,2681,
150,200,10000,8,2777,
151,200,10000,11,2740,
152,200,10000,6,2999,
153,200,10000,8,2895,
154,200,10000,5,2721,
155,200,10000,10,2750,
156,200,10000,7,2842,
157,200,10000,12,2673,
158,200,10000,9,2748,
159,200,10000,7,2801,
160,200,10000,8,2903,
161,200,10000,11,2681,
162,200,10000,9,2932,
163,200,10000,7,2919,
164,200,10000,8,2863,
165,200,10000,7,2623,
166,200,10000,8,2616,
167,200,10000,10,2923,
168,200,10000,9,2944,
169,200,10000,7,2817,
170,200,10000,7,2801,
171,200,10000,8,2983,
172,200,10000,10,2918,
173,200,10000,8,2960,
174,200,10000,6,2899,
175,200,10000,8,3120,
176,200,10000,8,2917,
177,200,10000,9,2723,
178,200,10000,7,2705,
179,200,10000,7,2755,
180,200,10000,5,2739,
181,200,10000,8,2697,
182,200,10000,8,2724,
183,200,10000,8,2745,
184,200,10000,9,2752,
185,200,10000,7,2688,
186,200,10000,10,2717,
187,200,10000,8,2694,
188,200,10000,10,2700,
189,200,10000,6,2752,
190,200,10000,8,2753,
191,200,10000,7,2671,
192,200,10000,6,2695,
193,200,10000,8,2799,
194,200,10000,8,2734,
195,200,10000,10,2716,
196,200,10000,6,2765,
197,200,10000,9,2682,
198,200,10000,10,2693,
199,200,10000,7,3005,
200,200,10000,7,2882,
201,200,10000,8,2699,
202,200,10000,10,2714,
203,200,10000,7,2744,
204,200,10000,9,2718,
205,200,10000,7,2722,
206,200,10000,9,2754,
207,200,10000,13,2690,
208,200,10000,8,2728,
209,200,10000,7,2690,
210,200,10000,6,2768,
211,200,10000,6,2851,
212,200,10000,6,2708,
213,200,10000,7,2869,
214,200,10000,11,2708,
215,200,10000,8,2649,
216,200,10000,11,2778,
217,200,10000,11,2716,
218,200,10000,9,2645,
219,200,10000,10,2955,
220,200,10000,7,2785,
221,200,10000,8,2805,
222,200,10000,7,2840,
223,200,10000,6,2965,
224,200,10000,10,3162,
225,200,10000,11,2904,
226,200,10000,10,2758,
227,200,10000,11,2748,
228,200,10000,11,2836,
229,200,10000,10,2778,
230,200,10000,10,2811,
231,200,10000,8,2800,
232,200,10000,5,2793,
233,200,10000,6,2727,
234,200,10000,10,2723,
235,200,10000,10,2798,
236,200,10000,6,2747,
237,200,10000,7,2795,
238,200,10000,10,2813,
239,200,10000,10,2805,
240,200,10000,7,2723,
241,200,10000,10,2781,
242,200,10000,8,2818,
243,200,10000,10,2834,
244,200,10000,8,2631,
245,200,10000,7,2605,
246,200,10000,9,2887,
247,200,10000,7,2888,
248,200,10000,8,2603,
249,200,10000,10,2608,
250,200,10000,11,2579,
251,200,10000,6,2605,
252,200,10000,7,2598,
253,200,10000,8,2610,
254,200,10000,8,2635,
255,200,10000,10,2634,
256,200,10000,7,2619,
257,200,10000,10,2614,
258,200,10000,8,2971,
259,200,10000,8,3003,
260,200,10000,7,2860,
261,200,10000,9,2857,
262,200,10000,8,2702,
263,200,10000,11,2598,
264,200,10000,6,2600,
265,200,10000,9,2589,
266,200,10000,9,2573,
267,200,10000,8,2545,
268,200,10000,8,2596,
269,200,10000,6,2548,
270,200,10000,7,2645,
271,200,10000,6,2892,
272,200,10000,6,2855,
273,200,10000,6,2902,
274,200,10000,9,2785,
275,200,10000,8,2710,
276,200,10000,6,2732,
277,200,10000,7,2795,
278,200,10000,11,2708,
279,200,10000,11,2808,
280,200,10000,9,2827,
281,200,10000,7,2777,
282,200,10000,9,2673,
283,200,10000,10,2614,
284,200,10000,5,2610,
285,200,10000,9,2599,
286,200,10000,10,2554,
287,200,10000,9,5029,
288,200,10000,7,23771,
289,200,10000,7,5928,
290,200,10000,5,4877,
291,200,10000,12,4998,
292,200,10000,7,5063,
293,200,10000,11,4612,
294,200,10000,8,4057,
295,200,10000,7,3700,
296,200,10000,8,3413,
297,200,10000,10,3179,
298,200,10000,9,2820,
299,200,10000,8,2572,
300,200,10000,10,2567,
301,200,10000,8,2584,
302,200,10000,9,2581,
303,200,10000,10,2583,
304,200,10000,9,2599,
305,200,10000,8,2855,
306,200,10000,6,2775,
307,200,10000,6,2633,
308,200,10000,10,2579,
309,200,10000,10,2593,
310,200,10000,9,2520,
311,200,10000,8,2549,
312,200,10000,11,2587,
313,200,10000,10,2573,
314,200,10000,11,2596,
315,200,10000,8,2616,
316,200,10000,7,2880,
317,200,10000,7,2850,
318,200,10000,9,2716,
319,200,10000,7,2769,
320,200,10000,9,2602,
321,200,10000,9,2595,
322,200,10000,12,2597,
323,200,10000,10,2581,
324,200,10000,8,2613,
325,200,10000,4,2781,
326,200,10000,11,2622,
327,200,10000,8,2627,
328,200,10000,7,2582,
329,200,10000,7,2704,
330,200,10000,8,2804,
331,200,10000,9,2733,
332,200,10000,8,2595,
333,200,10000,10,2589,
334,200,10000,9,2578,
335,200,10000,9,2543,
336,200,10000,10,2606,
337,200,10000,8,2600,
338,200,10000,10,2607,
339,200,10000,9,2586,
340,200,10000,9,2582,
341,200,10000,7,2580,
342,200,10000,9,2695,
343,200,10000,12,2596,
344,200,10000,8,2563,
345,200,10000,8,2592,
346,200,10000,8,2612,
347,200,10000,8,2638,
348,200,10000,8,2633,
349,200,10000,8,2672,
350,200,10000,9,2656,
351,200,10000,10,2613,
352,200,10000,8,2639,
353,200,10000,9,3534,
354,200,10000,9,2810,
355,200,10000,9,2905,
356,200,10000,8,2711,
357,200,10000,9,2614,
358,200,10000,8,4257,
359,200,10000,8,5617,
360,200,10000,8,4955,
361,200,10000,9,5079,
362,200,10000,10,4945,
363,200,10000,5,4601,
364,200,10000,10,4058,
365,200,10000,7,3690,
366,200,10000,9,3391,
367,200,10000,6,3138,
368,200,10000,9,2718,
369,200,10000,7,2567,
370,200,10000,9,2578,
371,200,10000,5,2572,
372,200,10000,9,2723,
373,200,10000,12,2765,
374,200,10000,10,2701,
375,200,10000,9,2711,
376,200,10000,8,2605,
377,200,10000,8,2565,
378,200,10000,11,2590,
379,200,10000,7,2603,
380,200,10000,10,2585,
381,200,10000,5,2583,
382,200,10000,6,2600,
383,200,10000,8,2595,
384,200,10000,9,2616,
385,200,10000,6,2602,
386,200,10000,7,2600,
387,200,10000,9,2577,
388,200,10000,9,2604,
389,200,10000,11,2587,
390,200,10000,11,2574,
391,200,10000,8,2560,
392,200,10000,9,2588,
393,200,10000,5,2583,
394,200,10000,10,2597,
395,200,10000,9,2542,
396,200,10000,5,2581,
397,200,10000,10,2690,
398,200,10000,8,2756,
399,200,10000,4,2765,
400,200,10000,6,2576,
